timeStamp,elapsed,label,responseCode,responseMessage,threadName,dataType,success,failureMessage,bytes,sentBytes,grpThreads,allThreads,URL,Latency,IdleTime,Connect
1697102896567,15,Large HTTP Request ,200,OK,Thread Group 1-1,bin,true,,1088235,126,2,2,http://192.168.109.128/large.jpg,3,0,1
1697102896579,3,Small HTTP Request ,200,OK,Thread Group 1-2,bin,true,,10889,127,2,2,http://192.168.109.128/small.jpeg,2,0,1
1697102896586,2,Small HTTP Request ,200,OK,Thread Group 1-3,bin,true,,10889,127,3,3,http://192.168.109.128/small.jpeg,2,0,1
1697102896601,6,Medium HTTP Request ,200,OK,Thread Group 1-4,bin,true,,441281,127,5,5,http://192.168.109.128/medium.jpg,2,0,1
1697102896607,1,Small HTTP Request ,200,OK,Thread Group 1-5,bin,true,,10889,127,5,5,http://192.168.109.128/small.jpeg,1,0,1
1697102896616,8,Large HTTP Request ,200,OK,Thread Group 1-6,bin,true,,1088235,126,6,6,http://192.168.109.128/large.jpg,1,0,1
1697102896627,9,Large HTTP Request ,200,OK,Thread Group 1-7,bin,true,,1088235,126,7,7,http://192.168.109.128/large.jpg,2,0,1
1697102896636,8,Large HTTP Request ,200,OK,Thread Group 1-8,bin,true,,1088235,126,8,8,http://192.168.109.128/large.jpg,2,0,1
1697102896647,7,Medium HTTP Request ,200,OK,Thread Group 1-9,bin,true,,441281,127,9,9,http://192.168.109.128/medium.jpg,2,0,1
1697102896656,7,Medium HTTP Request ,200,OK,Thread Group 1-10,bin,true,,441281,127,10,10,http://192.168.109.128/medium.jpg,2,0,2
1697102896666,4,Small HTTP Request ,200,OK,Thread Group 1-11,bin,true,,10889,127,11,11,http://192.168.109.128/small.jpeg,2,0,2
1697102896676,4,Small HTTP Request ,200,OK,Thread Group 1-12,bin,true,,10889,127,12,12,http://192.168.109.128/small.jpeg,2,0,2
1697102896687,9,Large HTTP Request ,200,OK,Thread Group 1-13,bin,true,,1088235,126,13,13,http://192.168.109.128/large.jpg,1,0,0
1697102896696,2,Small HTTP Request ,200,OK,Thread Group 1-14,bin,true,,10889,127,14,14,http://192.168.109.128/small.jpeg,2,0,1
1697102896707,9,Large HTTP Request ,200,OK,Thread Group 1-15,bin,true,,1088235,126,16,16,http://192.168.109.128/large.jpg,2,0,1
1697102896717,1,Small HTTP Request ,200,OK,Thread Group 1-16,bin,true,,10889,127,16,16,http://192.168.109.128/small.jpeg,1,0,0
1697102896726,10,Large HTTP Request ,200,OK,Thread Group 1-17,bin,true,,1088235,126,17,17,http://192.168.109.128/large.jpg,1,0,1
1697102896737,8,Large HTTP Request ,200,OK,Thread Group 1-18,bin,true,,1088235,126,18,18,http://192.168.109.128/large.jpg,1,0,0
1697102896746,5,Medium HTTP Request ,200,OK,Thread Group 1-19,bin,true,,441281,127,19,19,http://192.168.109.128/medium.jpg,3,0,2
1697102896757,6,Medium HTTP Request ,200,OK,Thread Group 1-20,bin,true,,441281,127,20,20,http://192.168.109.128/medium.jpg,2,0,1
1697102896768,6,Medium HTTP Request ,200,OK,Thread Group 1-21,bin,true,,441281,127,21,21,http://192.168.109.128/medium.jpg,3,0,2
1697102896775,4,Small HTTP Request ,200,OK,Thread Group 1-22,bin,true,,10889,127,22,22,http://192.168.109.128/small.jpeg,3,0,2
1697102896787,7,Medium HTTP Request ,200,OK,Thread Group 1-23,bin,true,,441281,127,23,23,http://192.168.109.128/medium.jpg,3,0,2
1697102896797,4,Small HTTP Request ,200,OK,Thread Group 1-24,bin,true,,10889,127,24,24,http://192.168.109.128/small.jpeg,2,0,1
1697102896807,0,Small HTTP Request ,200,OK,Thread Group 1-25,bin,true,,10889,127,25,25,http://192.168.109.128/small.jpeg,0,0,0
1697102896817,1,Small HTTP Request ,200,OK,Thread Group 1-26,bin,true,,10889,127,26,26,http://192.168.109.128/small.jpeg,1,0,0
1697102896826,2,Small HTTP Request ,200,OK,Thread Group 1-27,bin,true,,10889,127,27,27,http://192.168.109.128/small.jpeg,2,0,1
1697102896836,9,Large HTTP Request ,200,OK,Thread Group 1-28,bin,true,,1088235,126,28,28,http://192.168.109.128/large.jpg,2,0,1
1697102896847,4,Medium HTTP Request ,200,OK,Thread Group 1-29,bin,true,,441281,127,29,29,http://192.168.109.128/medium.jpg,1,0,0
1697102896856,4,Medium HTTP Request ,200,OK,Thread Group 1-30,bin,true,,441281,127,30,30,http://192.168.109.128/medium.jpg,2,0,1
1697102896868,9,Large HTTP Request ,200,OK,Thread Group 1-31,bin,true,,1088235,126,31,31,http://192.168.109.128/large.jpg,2,0,1
1697102896879,2,Small HTTP Request ,200,OK,Thread Group 1-32,bin,true,,10889,127,32,32,http://192.168.109.128/small.jpeg,2,0,1
1697102896887,1,Small HTTP Request ,200,OK,Thread Group 1-33,bin,true,,10889,127,33,33,http://192.168.109.128/small.jpeg,1,0,0
1697102896897,1,Small HTTP Request ,200,OK,Thread Group 1-34,bin,true,,10889,127,34,34,http://192.168.109.128/small.jpeg,1,0,0
1697102896906,9,Large HTTP Request ,200,OK,Thread Group 1-35,bin,true,,1088235,126,35,35,http://192.168.109.128/large.jpg,2,0,1
1697102896917,11,Large HTTP Request ,200,OK,Thread Group 1-36,bin,true,,1088235,126,37,37,http://192.168.109.128/large.jpg,1,0,0
1697102896927,8,Medium HTTP Request ,200,OK,Thread Group 1-37,bin,true,,441281,127,37,37,http://192.168.109.128/medium.jpg,4,0,1
1697102896936,5,Medium HTTP Request ,200,OK,Thread Group 1-38,bin,true,,441281,127,38,38,http://192.168.109.128/medium.jpg,3,0,2
1697102896946,9,Large HTTP Request ,200,OK,Thread Group 1-39,bin,true,,1088235,126,39,39,http://192.168.109.128/large.jpg,3,0,2
1697102896956,7,Medium HTTP Request ,200,OK,Thread Group 1-40,bin,true,,441281,127,40,40,http://192.168.109.128/medium.jpg,2,0,2
1697102896967,11,Large HTTP Request ,200,OK,Thread Group 1-41,bin,true,,1088235,126,42,42,http://192.168.109.128/large.jpg,2,0,2
1697102896977,4,Small HTTP Request ,200,OK,Thread Group 1-42,bin,true,,10889,127,42,42,http://192.168.109.128/small.jpeg,3,0,2
1697102896986,6,Medium HTTP Request ,200,OK,Thread Group 1-43,bin,true,,441281,127,43,43,http://192.168.109.128/medium.jpg,3,0,2
1697102896996,9,Large HTTP Request ,200,OK,Thread Group 1-44,bin,true,,1088235,126,44,44,http://192.168.109.128/large.jpg,3,0,2
1697102897007,5,Medium HTTP Request ,200,OK,Thread Group 1-45,bin,true,,441281,127,45,45,http://192.168.109.128/medium.jpg,2,0,2
1697102897016,7,Medium HTTP Request ,200,OK,Thread Group 1-46,bin,true,,441281,127,46,46,http://192.168.109.128/medium.jpg,3,0,2
1697102897027,6,Medium HTTP Request ,200,OK,Thread Group 1-47,bin,true,,441281,127,47,47,http://192.168.109.128/medium.jpg,3,0,2
1697102897036,4,Small HTTP Request ,200,OK,Thread Group 1-48,bin,true,,10889,127,48,48,http://192.168.109.128/small.jpeg,3,0,2
1697102897046,5,Small HTTP Request ,200,OK,Thread Group 1-49,bin,true,,10889,127,49,49,http://192.168.109.128/small.jpeg,3,0,2
1697102897056,4,Medium HTTP Request ,200,OK,Thread Group 1-50,bin,true,,441281,127,50,50,http://192.168.109.128/medium.jpg,1,0,1
1697102897067,4,Medium HTTP Request ,200,OK,Thread Group 1-51,bin,true,,441281,127,51,51,http://192.168.109.128/medium.jpg,1,0,1
1697102897077,2,Small HTTP Request ,200,OK,Thread Group 1-52,bin,true,,10889,127,52,52,http://192.168.109.128/small.jpeg,2,0,1
1697102897086,1,Small HTTP Request ,200,OK,Thread Group 1-53,bin,true,,10889,127,53,53,http://192.168.109.128/small.jpeg,1,0,1
1697102897096,11,Large HTTP Request ,200,OK,Thread Group 1-54,bin,true,,1088235,126,55,55,http://192.168.109.128/large.jpg,2,0,1
1697102897107,12,Large HTTP Request ,200,OK,Thread Group 1-55,bin,true,,1088235,126,56,56,http://192.168.109.128/large.jpg,2,0,1
1697102897116,12,Large HTTP Request ,200,OK,Thread Group 1-56,bin,true,,1088235,126,57,57,http://192.168.109.128/large.jpg,3,0,1
1697102897127,4,Small HTTP Request ,200,OK,Thread Group 1-57,bin,true,,10889,127,57,57,http://192.168.109.128/small.jpeg,2,0,2
1697102897137,4,Small HTTP Request ,200,OK,Thread Group 1-58,bin,true,,10889,127,58,58,http://192.168.109.128/small.jpeg,2,0,2
1697102897146,11,Large HTTP Request ,200,OK,Thread Group 1-59,bin,true,,1088235,126,60,60,http://192.168.109.128/large.jpg,2,0,1
1697102897156,8,Medium HTTP Request ,200,OK,Thread Group 1-60,bin,true,,441281,127,60,60,http://192.168.109.128/medium.jpg,3,0,3
1697102897167,11,Large HTTP Request ,200,OK,Thread Group 1-61,bin,true,,1088235,126,62,62,http://192.168.109.128/large.jpg,2,0,2
1697102897176,11,Large HTTP Request ,200,OK,Thread Group 1-62,bin,true,,1088235,126,63,63,http://192.168.109.128/large.jpg,4,0,3
1697102897187,6,Medium HTTP Request ,200,OK,Thread Group 1-63,bin,true,,441281,127,63,63,http://192.168.109.128/medium.jpg,2,0,1
1697102897197,4,Small HTTP Request ,200,OK,Thread Group 1-64,bin,true,,10889,127,64,64,http://192.168.109.128/small.jpeg,2,0,2
1697102897206,4,Small HTTP Request ,200,OK,Thread Group 1-65,bin,true,,10889,127,65,65,http://192.168.109.128/small.jpeg,2,0,1
1697102897216,10,Large HTTP Request ,200,OK,Thread Group 1-66,bin,true,,1088235,126,67,67,http://192.168.109.128/large.jpg,2,0,2
1697102897226,1,Small HTTP Request ,200,OK,Thread Group 1-67,bin,true,,10889,127,67,67,http://192.168.109.128/small.jpeg,1,0,1
1697102897236,1,Small HTTP Request ,200,OK,Thread Group 1-68,bin,true,,10889,127,68,68,http://192.168.109.128/small.jpeg,1,0,0
1697102897247,10,Medium HTTP Request ,200,OK,Thread Group 1-69,bin,true,,441281,127,69,69,http://192.168.109.128/medium.jpg,2,0,1
1697102897257,4,Small HTTP Request ,200,OK,Thread Group 1-70,bin,true,,10889,127,70,70,http://192.168.109.128/small.jpeg,4,0,3
1697102897266,4,Medium HTTP Request ,200,OK,Thread Group 1-71,bin,true,,441281,127,71,71,http://192.168.109.128/medium.jpg,1,0,0
1697102897276,2,Small HTTP Request ,200,OK,Thread Group 1-72,bin,true,,10889,127,72,72,http://192.168.109.128/small.jpeg,2,0,1
1697102897286,12,Large HTTP Request ,200,OK,Thread Group 1-73,bin,true,,1088235,126,74,74,http://192.168.109.128/large.jpg,2,0,1
1697102897297,7,Medium HTTP Request ,200,OK,Thread Group 1-74,bin,true,,441281,127,74,74,http://192.168.109.128/medium.jpg,2,0,1
1697102897310,5,Small HTTP Request ,200,OK,Thread Group 1-75,bin,true,,10889,127,75,75,http://192.168.109.128/small.jpeg,3,0,2
1697102897316,10,Large HTTP Request ,200,OK,Thread Group 1-76,bin,true,,1088235,126,77,77,http://192.168.109.128/large.jpg,2,0,2
1697102897326,9,Large HTTP Request ,200,OK,Thread Group 1-77,bin,true,,1088235,126,77,77,http://192.168.109.128/large.jpg,1,0,0
1697102897336,4,Small HTTP Request ,200,OK,Thread Group 1-78,bin,true,,10889,127,78,78,http://192.168.109.128/small.jpeg,3,0,2
1697102897346,4,Small HTTP Request ,200,OK,Thread Group 1-79,bin,true,,10889,127,79,79,http://192.168.109.128/small.jpeg,3,0,2
1697102897356,6,Medium HTTP Request ,200,OK,Thread Group 1-80,bin,true,,441281,127,80,80,http://192.168.109.128/medium.jpg,3,0,2
1697102897366,5,Small HTTP Request ,200,OK,Thread Group 1-81,bin,true,,10889,127,81,81,http://192.168.109.128/small.jpeg,3,0,3
1697102897376,5,Medium HTTP Request ,200,OK,Thread Group 1-82,bin,true,,441281,127,82,82,http://192.168.109.128/medium.jpg,3,0,2
1697102897386,8,Large HTTP Request ,200,OK,Thread Group 1-83,bin,true,,1088235,126,83,83,http://192.168.109.128/large.jpg,1,0,1
1697102897396,1,Small HTTP Request ,200,OK,Thread Group 1-84,bin,true,,10889,127,84,84,http://192.168.109.128/small.jpeg,1,0,1
1697102897406,4,Medium HTTP Request ,200,OK,Thread Group 1-85,bin,true,,441281,127,85,85,http://192.168.109.128/medium.jpg,2,0,1
1697102897417,4,Medium HTTP Request ,200,OK,Thread Group 1-86,bin,true,,441281,127,86,86,http://192.168.109.128/medium.jpg,1,0,0
1697102897426,5,Medium HTTP Request ,200,OK,Thread Group 1-87,bin,true,,441281,127,87,87,http://192.168.109.128/medium.jpg,2,0,2
1697102897436,10,Large HTTP Request ,200,OK,Thread Group 1-88,bin,true,,1088235,126,89,89,http://192.168.109.128/large.jpg,2,0,2
1697102897446,4,Small HTTP Request ,200,OK,Thread Group 1-89,bin,true,,10889,127,89,89,http://192.168.109.128/small.jpeg,3,0,2
1697102897456,4,Small HTTP Request ,200,OK,Thread Group 1-90,bin,true,,10889,127,90,90,http://192.168.109.128/small.jpeg,3,0,2
1697102897467,7,Large HTTP Request ,200,OK,Thread Group 1-91,bin,true,,1088235,126,91,91,http://192.168.109.128/large.jpg,1,0,1
1697102897476,3,Medium HTTP Request ,200,OK,Thread Group 1-92,bin,true,,441281,127,92,92,http://192.168.109.128/medium.jpg,1,0,1
1697102897486,8,Large HTTP Request ,200,OK,Thread Group 1-93,bin,true,,1088235,126,93,93,http://192.168.109.128/large.jpg,1,0,0
1697102897496,4,Small HTTP Request ,200,OK,Thread Group 1-94,bin,true,,10889,127,94,94,http://192.168.109.128/small.jpeg,3,0,2
1697102897506,5,Small HTTP Request ,200,OK,Thread Group 1-95,bin,true,,10889,127,95,95,http://192.168.109.128/small.jpeg,3,0,2
1697102897516,4,Small HTTP Request ,200,OK,Thread Group 1-96,bin,true,,10889,127,96,96,http://192.168.109.128/small.jpeg,2,0,1
1697102897526,3,Small HTTP Request ,200,OK,Thread Group 1-97,bin,true,,10889,127,97,97,http://192.168.109.128/small.jpeg,3,0,2
1697102897536,4,Medium HTTP Request ,200,OK,Thread Group 1-98,bin,true,,441281,127,98,98,http://192.168.109.128/medium.jpg,1,0,1
1697102897546,4,Medium HTTP Request ,200,OK,Thread Group 1-99,bin,true,,441281,127,99,99,http://192.168.109.128/medium.jpg,1,0,1
1697102897557,5,Medium HTTP Request ,200,OK,Thread Group 1-100,bin,true,,441281,127,100,100,http://192.168.109.128/medium.jpg,2,0,1
1697102897768,3,Medium HTTP Request ,200,OK,Thread Group 1-1,bin,true,,441280,127,100,100,http://192.168.109.128/medium.jpg,1,0,0
1697102897780,8,Medium HTTP Request ,200,OK,Thread Group 1-2,bin,true,,441280,127,100,100,http://192.168.109.128/medium.jpg,1,0,0
1697102898386,2,Small HTTP Request ,200,OK,Thread Group 1-3,bin,true,,10888,127,100,100,http://192.168.109.128/small.jpeg,2,0,0
1697102899607,3,Small HTTP Request ,200,OK,Thread Group 1-5,bin,true,,10888,127,100,100,http://192.168.109.128/small.jpeg,3,0,0
1697102899600,11,Large HTTP Request ,200,OK,Thread Group 1-4,bin,true,,1088234,126,100,100,http://192.168.109.128/large.jpg,1,0,0
1697102900217,10,Large HTTP Request ,200,OK,Thread Group 1-6,bin,true,,1088234,126,100,100,http://192.168.109.128/large.jpg,1,0,0
1697102900827,1,Small HTTP Request ,200,OK,Thread Group 1-7,bin,true,,10888,127,100,100,http://192.168.109.128/small.jpeg,1,0,0
1697102901437,2,Small HTTP Request ,200,OK,Thread Group 1-8,bin,true,,10888,127,100,100,http://192.168.109.128/small.jpeg,2,0,0
1697102902047,4,Medium HTTP Request ,200,OK,Thread Group 1-9,bin,true,,441281,127,100,100,http://192.168.109.128/medium.jpg,2,0,1
1697102902658,14,Large HTTP Request ,200,OK,Thread Group 1-10,bin,true,,1088235,126,100,100,http://192.168.109.128/large.jpg,2,0,0
1697102903266,10,Medium HTTP Request ,200,OK,Thread Group 1-11,bin,true,,441281,127,100,100,http://192.168.109.128/medium.jpg,2,0,1
1697102903875,11,Large HTTP Request ,200,OK,Thread Group 1-12,bin,true,,1088235,126,100,100,http://192.168.109.128/large.jpg,2,0,1
1697102905086,5,Medium HTTP Request ,200,OK,Thread Group 1-13,bin,true,,441281,127,100,100,http://192.168.109.128/medium.jpg,2,0,1
1697102905097,1,Small HTTP Request ,200,OK,Thread Group 1-14,bin,true,,10889,127,100,100,http://192.168.109.128/small.jpeg,1,0,1
1697102906308,24,Large HTTP Request ,200,OK,Thread Group 1-15,bin,true,,1088235,126,100,100,http://192.168.109.128/large.jpg,3,0,2
1697102906317,21,Large HTTP Request ,200,OK,Thread Group 1-16,bin,true,,1088235,126,100,100,http://192.168.109.128/large.jpg,4,0,2
1697102906928,2,Small HTTP Request ,200,OK,Thread Group 1-17,bin,true,,10889,127,100,100,http://192.168.109.128/small.jpeg,2,0,0
1697102907537,8,Large HTTP Request ,200,OK,Thread Group 1-18,bin,true,,1088235,126,100,100,http://192.168.109.128/large.jpg,1,0,0
1697102908149,3,Medium HTTP Request ,200,OK,Thread Group 1-19,bin,true,,441281,127,100,100,http://192.168.109.128/medium.jpg,1,0,0
1697102908756,4,Medium HTTP Request ,200,OK,Thread Group 1-20,bin,true,,441281,127,100,100,http://192.168.109.128/medium.jpg,1,0,1
1697102909368,11,Large HTTP Request ,200,OK,Thread Group 1-21,bin,true,,1088235,126,100,100,http://192.168.109.128/large.jpg,1,0,1
1697102909977,8,Large HTTP Request ,200,OK,Thread Group 1-22,bin,true,,1088235,126,100,100,http://192.168.109.128/large.jpg,1,0,0
1697102910586,9,Large HTTP Request ,200,OK,Thread Group 1-23,bin,true,,1088235,126,100,100,http://192.168.109.128/large.jpg,2,0,1
1697102911197,1,Small HTTP Request ,200,OK,Thread Group 1-24,bin,true,,10889,127,100,100,http://192.168.109.128/small.jpeg,1,0,1
1697102911806,4,Medium HTTP Request ,200,OK,Thread Group 1-25,bin,true,,441281,127,100,100,http://192.168.109.128/medium.jpg,2,0,1
1697102912416,11,Large HTTP Request ,200,OK,Thread Group 1-26,bin,true,,1088235,126,100,100,http://192.168.109.128/large.jpg,1,0,1
1697102913027,5,Medium HTTP Request ,200,OK,Thread Group 1-27,bin,true,,441281,127,100,100,http://192.168.109.128/medium.jpg,2,0,1
1697102913636,2,Small HTTP Request ,200,OK,Thread Group 1-28,bin,true,,10889,127,100,100,http://192.168.109.128/small.jpeg,2,0,1
1697102914246,3,Small HTTP Request ,200,OK,Thread Group 1-29,bin,true,,10889,127,100,100,http://192.168.109.128/small.jpeg,3,0,2
1697102914856,11,Medium HTTP Request ,200,OK,Thread Group 1-30,bin,true,,441281,127,100,100,http://192.168.109.128/medium.jpg,3,0,1
1697102915468,11,Large HTTP Request ,200,OK,Thread Group 1-31,bin,true,,1088235,126,100,100,http://192.168.109.128/large.jpg,3,0,1
1697102916079,2,Small HTTP Request ,200,OK,Thread Group 1-32,bin,true,,10889,127,100,100,http://192.168.109.128/small.jpeg,2,0,1
1697102916687,14,Large HTTP Request ,200,OK,Thread Group 1-33,bin,true,,1088235,126,100,100,http://192.168.109.128/large.jpg,4,0,2
1697102917299,10,Large HTTP Request ,200,OK,Thread Group 1-34,bin,true,,1088235,126,100,100,http://192.168.109.128/large.jpg,2,0,1
1697102917907,11,Large HTTP Request ,200,OK,Thread Group 1-35,bin,true,,1088235,126,100,100,http://192.168.109.128/large.jpg,2,0,1
1697102919117,8,Large HTTP Request ,200,OK,Thread Group 1-36,bin,true,,1088235,126,100,100,http://192.168.109.128/large.jpg,1,0,0
1697102919126,1,Small HTTP Request ,200,OK,Thread Group 1-37,bin,true,,10889,127,100,100,http://192.168.109.128/small.jpeg,1,0,1
1697102919738,6,Medium HTTP Request ,200,OK,Thread Group 1-38,bin,true,,441281,127,100,100,http://192.168.109.128/medium.jpg,2,0,1
1697102920348,15,Medium HTTP Request ,200,OK,Thread Group 1-39,bin,true,,441281,127,100,100,http://192.168.109.128/medium.jpg,4,0,2
1697102920956,12,Large HTTP Request ,200,OK,Thread Group 1-40,bin,true,,1088235,126,100,100,http://192.168.109.128/large.jpg,3,0,2
1697102922167,1,Small HTTP Request ,200,OK,Thread Group 1-41,bin,true,,10889,127,100,100,http://192.168.109.128/small.jpeg,1,0,0
1697102922178,10,Large HTTP Request ,200,OK,Thread Group 1-42,bin,true,,1088235,126,100,100,http://192.168.109.128/large.jpg,1,0,0
1697102922786,2,Small HTTP Request ,200,OK,Thread Group 1-43,bin,true,,10889,127,100,100,http://192.168.109.128/small.jpeg,2,0,1
1697102923397,8,Large HTTP Request ,200,OK,Thread Group 1-44,bin,true,,1088235,126,100,100,http://192.168.109.128/large.jpg,2,0,1
1697102924007,4,Medium HTTP Request ,200,OK,Thread Group 1-45,bin,true,,441281,127,100,100,http://192.168.109.128/medium.jpg,1,0,1
1697102924616,1,Small HTTP Request ,200,OK,Thread Group 1-46,bin,true,,10889,127,100,100,http://192.168.109.128/small.jpeg,1,0,1
1697102925227,18,Large HTTP Request ,200,OK,Thread Group 1-47,bin,true,,1088235,126,100,100,http://192.168.109.128/large.jpg,3,0,1
1697102925837,9,Medium HTTP Request ,200,OK,Thread Group 1-48,bin,true,,441281,127,100,100,http://192.168.109.128/medium.jpg,3,0,2
1697102926448,16,Large HTTP Request ,200,OK,Thread Group 1-49,bin,true,,1088235,126,100,100,http://192.168.109.128/large.jpg,3,0,2
1697102927058,17,Large HTTP Request ,200,OK,Thread Group 1-50,bin,true,,1088235,126,100,100,http://192.168.109.128/large.jpg,3,0,2
1697102927667,8,Medium HTTP Request ,200,OK,Thread Group 1-51,bin,true,,441281,127,100,100,http://192.168.109.128/medium.jpg,2,0,1
1697102928277,4,Small HTTP Request ,200,OK,Thread Group 1-52,bin,true,,10889,127,100,100,http://192.168.109.128/small.jpeg,4,0,2
1697102928887,3,Small HTTP Request ,200,OK,Thread Group 1-53,bin,true,,10889,127,100,100,http://192.168.109.128/small.jpeg,3,0,1
1697102930100,9,Large HTTP Request ,200,OK,Thread Group 1-54,bin,true,,1088235,126,100,100,http://192.168.109.128/large.jpg,1,0,0
1697102930707,21,Large HTTP Request ,200,OK,Thread Group 1-55,bin,true,,1088235,126,100,100,http://192.168.109.128/large.jpg,3,0,1
1697102931318,4,Medium HTTP Request ,200,OK,Thread Group 1-56,bin,true,,441281,127,100,100,http://192.168.109.128/medium.jpg,1,0,1
1697102931326,4,Medium HTTP Request ,200,OK,Thread Group 1-57,bin,true,,441281,127,100,100,http://192.168.109.128/medium.jpg,1,0,1
1697102931936,10,Medium HTTP Request ,200,OK,Thread Group 1-58,bin,true,,441281,127,100,100,http://192.168.109.128/medium.jpg,4,0,2
1697102933149,11,Large HTTP Request ,200,OK,Thread Group 1-59,bin,true,,1088235,126,100,100,http://192.168.109.128/large.jpg,2,0,1
1697102933156,5,Small HTTP Request ,200,OK,Thread Group 1-60,bin,true,,10889,127,100,100,http://192.168.109.128/small.jpeg,5,0,4
1697102934370,4,Medium HTTP Request ,200,OK,Thread Group 1-61,bin,true,,441281,127,100,100,http://192.168.109.128/medium.jpg,1,0,1
1697102934977,13,Large HTTP Request ,200,OK,Thread Group 1-62,bin,true,,1088235,126,100,100,http://192.168.109.128/large.jpg,3,0,1
1697102934986,5,Medium HTTP Request ,200,OK,Thread Group 1-63,bin,true,,441281,127,100,100,http://192.168.109.128/medium.jpg,2,0,1
1697102935597,5,Small HTTP Request ,200,OK,Thread Group 1-64,bin,true,,10889,127,100,100,http://192.168.109.128/small.jpeg,4,0,3
1697102936205,15,Medium HTTP Request ,200,OK,Thread Group 1-65,bin,true,,441281,127,100,100,http://192.168.109.128/medium.jpg,4,0,2
1697102937417,4,Small HTTP Request ,200,OK,Thread Group 1-66,bin,true,,10889,127,100,100,http://192.168.109.128/small.jpeg,4,0,2
1697102937428,7,Large HTTP Request ,200,OK,Thread Group 1-67,bin,true,,1088235,126,100,100,http://192.168.109.128/large.jpg,2,0,1
1697102938036,2,Small HTTP Request ,200,OK,Thread Group 1-68,bin,true,,10889,127,100,100,http://192.168.109.128/small.jpeg,2,0,1
1697102939248,10,Medium HTTP Request ,200,OK,Thread Group 1-69,bin,true,,441281,127,100,100,http://192.168.109.128/medium.jpg,4,0,2
1697102939258,1,Small HTTP Request ,200,OK,Thread Group 1-70,bin,true,,10889,127,100,100,http://192.168.109.128/small.jpeg,1,0,1
1697102939866,17,Large HTTP Request ,200,OK,Thread Group 1-71,bin,true,,1088235,126,100,100,http://192.168.109.128/large.jpg,4,0,2
1697102940476,3,Small HTTP Request ,200,OK,Thread Group 1-72,bin,true,,10889,127,100,100,http://192.168.109.128/small.jpeg,3,0,2
1697102941686,8,Medium HTTP Request ,200,OK,Thread Group 1-73,bin,true,,441281,127,100,100,http://192.168.109.128/medium.jpg,2,0,1
1697102941697,7,Medium HTTP Request ,200,OK,Thread Group 1-74,bin,true,,441281,127,100,100,http://192.168.109.128/medium.jpg,2,0,1
1697102942309,2,Small HTTP Request ,200,OK,Thread Group 1-75,bin,true,,10889,127,100,100,http://192.168.109.128/small.jpeg,2,0,1
1697102943525,6,Medium HTTP Request ,200,OK,Thread Group 1-77,bin,true,,441281,127,100,100,http://192.168.109.128/medium.jpg,2,0,1
1697102943516,18,Large HTTP Request ,200,OK,Thread Group 1-76,bin,true,,1088235,126,100,100,http://192.168.109.128/large.jpg,3,0,2
1697102944136,2,Small HTTP Request ,200,OK,Thread Group 1-78,bin,true,,10889,127,100,100,http://192.168.109.128/small.jpeg,2,0,1
1697102944746,3,Small HTTP Request ,200,OK,Thread Group 1-79,bin,true,,10889,127,100,100,http://192.168.109.128/small.jpeg,3,0,2
1697102945356,4,Medium HTTP Request ,200,OK,Thread Group 1-80,bin,true,,441281,127,100,100,http://192.168.109.128/medium.jpg,1,0,1
1697102945964,15,Large HTTP Request ,200,OK,Thread Group 1-81,bin,true,,1088235,126,100,100,http://192.168.109.128/large.jpg,4,0,2
1697102946576,11,Large HTTP Request ,200,OK,Thread Group 1-82,bin,true,,1088235,126,100,100,http://192.168.109.128/large.jpg,4,0,2
1697102947188,10,Medium HTTP Request ,200,OK,Thread Group 1-83,bin,true,,441281,127,100,100,http://192.168.109.128/medium.jpg,4,0,2
1697102947797,11,Medium HTTP Request ,200,OK,Thread Group 1-84,bin,true,,441281,127,100,100,http://192.168.109.128/medium.jpg,4,0,2
1697102948407,4,Medium HTTP Request ,200,OK,Thread Group 1-85,bin,true,,441281,127,100,100,http://192.168.109.128/medium.jpg,2,0,1
1697102949018,22,Large HTTP Request ,200,OK,Thread Group 1-86,bin,true,,1088235,126,100,100,http://192.168.109.128/large.jpg,3,0,1
1697102949625,2,Small HTTP Request ,200,OK,Thread Group 1-87,bin,true,,10889,127,100,100,http://192.168.109.128/small.jpeg,2,0,1
1697102950835,5,Small HTTP Request ,200,OK,Thread Group 1-88,bin,true,,10889,127,100,100,http://192.168.109.128/small.jpeg,5,0,3
1697102950847,4,Small HTTP Request ,200,OK,Thread Group 1-89,bin,true,,10889,127,100,100,http://192.168.109.128/small.jpeg,4,0,2
1697102951457,1,Small HTTP Request ,200,OK,Thread Group 1-90,bin,true,,10889,127,100,100,http://192.168.109.128/small.jpeg,1,0,1
1697102952069,4,Small HTTP Request ,200,OK,Thread Group 1-91,bin,true,,10889,127,100,100,http://192.168.109.128/small.jpeg,4,0,2
1697102952677,5,Small HTTP Request ,200,OK,Thread Group 1-92,bin,true,,10889,127,100,100,http://192.168.109.128/small.jpeg,4,0,3
1697102953285,13,Large HTTP Request ,200,OK,Thread Group 1-93,bin,true,,1088235,126,100,100,http://192.168.109.128/large.jpg,4,0,2
1697102953897,8,Large HTTP Request ,200,OK,Thread Group 1-94,bin,true,,1088235,126,100,100,http://192.168.109.128/large.jpg,2,0,1
1697102954506,8,Large HTTP Request ,200,OK,Thread Group 1-95,bin,true,,1088235,126,100,100,http://192.168.109.128/large.jpg,2,0,1
1697102955116,11,Medium HTTP Request ,200,OK,Thread Group 1-96,bin,true,,441281,127,100,100,http://192.168.109.128/medium.jpg,4,0,2
1697102955726,23,Large HTTP Request ,200,OK,Thread Group 1-97,bin,true,,1088235,126,100,100,http://192.168.109.128/large.jpg,4,0,2
1697102956337,4,Small HTTP Request ,200,OK,Thread Group 1-98,bin,true,,10889,127,100,100,http://192.168.109.128/small.jpeg,4,0,2
1697102956947,4,Small HTTP Request ,200,OK,Thread Group 1-99,bin,true,,10889,127,100,100,http://192.168.109.128/small.jpeg,4,0,2
1697102957558,9,Medium HTTP Request ,200,OK,Thread Group 1-100,bin,true,,441281,127,100,100,http://192.168.109.128/medium.jpg,2,0,1
1697102957766,5,Small HTTP Request ,200,OK,Thread Group 1-1,bin,true,,10889,127,100,100,http://192.168.109.128/small.jpeg,5,0,3
1697102957778,2,Small HTTP Request ,200,OK,Thread Group 1-2,bin,true,,10889,127,100,100,http://192.168.109.128/small.jpeg,2,0,1
1697102958386,10,Large HTTP Request ,200,OK,Thread Group 1-3,bin,true,,1088235,126,100,100,http://192.168.109.128/large.jpg,2,0,1
1697102959602,12,Medium HTTP Request ,200,OK,Thread Group 1-4,bin,true,,441281,127,100,100,http://192.168.109.128/medium.jpg,2,0,1
1697102959607,17,Large HTTP Request ,200,OK,Thread Group 1-5,bin,true,,1088235,126,100,100,http://192.168.109.128/large.jpg,4,0,1
1697102960218,7,Medium HTTP Request ,200,OK,Thread Group 1-6,bin,true,,441281,127,100,100,http://192.168.109.128/medium.jpg,2,0,1
1697102960828,4,Small HTTP Request ,200,OK,Thread Group 1-7,bin,true,,10889,127,100,100,http://192.168.109.128/small.jpeg,4,0,2
1697102961437,22,Large HTTP Request ,200,OK,Thread Group 1-8,bin,true,,1088235,126,100,100,http://192.168.109.128/large.jpg,2,0,1
1697102962047,13,Medium HTTP Request ,200,OK,Thread Group 1-9,bin,true,,441281,127,100,100,http://192.168.109.128/medium.jpg,5,0,2
1697102962656,2,Small HTTP Request ,200,OK,Thread Group 1-10,bin,true,,10889,127,100,100,http://192.168.109.128/small.jpeg,2,0,1
1697102963266,4,Small HTTP Request ,200,OK,Thread Group 1-11,bin,true,,10889,127,100,100,http://192.168.109.128/small.jpeg,4,0,2
1697102963877,4,Small HTTP Request ,200,OK,Thread Group 1-12,bin,true,,10889,127,100,100,http://192.168.109.128/small.jpeg,4,0,2
1697102965087,10,Medium HTTP Request ,200,OK,Thread Group 1-13,bin,true,,441281,127,100,100,http://192.168.109.128/medium.jpg,5,0,3
1697102965098,10,Large HTTP Request ,200,OK,Thread Group 1-14,bin,true,,1088235,126,100,100,http://192.168.109.128/large.jpg,1,0,1
1697102966310,2,Small HTTP Request ,200,OK,Thread Group 1-15,bin,true,,10889,127,100,100,http://192.168.109.128/small.jpeg,2,0,1
1697102966318,1,Small HTTP Request ,200,OK,Thread Group 1-16,bin,true,,10889,127,100,100,http://192.168.109.128/small.jpeg,1,0,0
1697102966927,7,Large HTTP Request ,200,OK,Thread Group 1-17,bin,true,,1088235,126,100,100,http://192.168.109.128/large.jpg,1,0,1
1697102967537,12,Medium HTTP Request ,200,OK,Thread Group 1-18,bin,true,,441281,127,100,100,http://192.168.109.128/medium.jpg,5,0,3
1697102968147,2,Small HTTP Request ,200,OK,Thread Group 1-19,bin,true,,10889,127,100,100,http://192.168.109.128/small.jpeg,2,0,1
1697102968758,4,Small HTTP Request ,200,OK,Thread Group 1-20,bin,true,,10889,127,100,100,http://192.168.109.128/small.jpeg,4,0,2
1697102969368,2,Small HTTP Request ,200,OK,Thread Group 1-21,bin,true,,10889,127,100,100,http://192.168.109.128/small.jpeg,2,0,1
1697102969975,13,Medium HTTP Request ,200,OK,Thread Group 1-22,bin,true,,441281,127,100,100,http://192.168.109.128/medium.jpg,4,0,3
1697102970588,14,Large HTTP Request ,200,OK,Thread Group 1-23,bin,true,,1088235,126,100,100,http://192.168.109.128/large.jpg,3,0,2
1697102971197,6,Medium HTTP Request ,200,OK,Thread Group 1-24,bin,true,,441281,127,100,100,http://192.168.109.128/medium.jpg,2,0,1
1697102971808,4,Small HTTP Request ,200,OK,Thread Group 1-25,bin,true,,10889,127,100,100,http://192.168.109.128/small.jpeg,4,0,2
1697102972418,9,Medium HTTP Request ,200,OK,Thread Group 1-26,bin,true,,441281,127,100,100,http://192.168.109.128/medium.jpg,4,0,2
1697102973027,14,Medium HTTP Request ,200,OK,Thread Group 1-27,bin,true,,441281,127,100,100,http://192.168.109.128/medium.jpg,4,0,2
1697102973638,4,Medium HTTP Request ,200,OK,Thread Group 1-28,bin,true,,441281,127,100,100,http://192.168.109.128/medium.jpg,1,0,1
1697102974247,2,Small HTTP Request ,200,OK,Thread Group 1-29,bin,true,,10889,127,100,100,http://192.168.109.128/small.jpeg,2,0,1
1697102974857,3,Small HTTP Request ,200,OK,Thread Group 1-30,bin,true,,10889,127,100,100,http://192.168.109.128/small.jpeg,3,0,2
1697102975469,8,Large HTTP Request ,200,OK,Thread Group 1-31,bin,true,,1088235,126,100,100,http://192.168.109.128/large.jpg,3,0,2
1697102976080,13,Large HTTP Request ,200,OK,Thread Group 1-32,bin,true,,1088235,126,100,100,http://192.168.109.128/large.jpg,4,0,2
1697102976687,5,Small HTTP Request ,200,OK,Thread Group 1-33,bin,true,,10889,127,100,100,http://192.168.109.128/small.jpeg,4,0,2
1697102977299,10,Large HTTP Request ,200,OK,Thread Group 1-34,bin,true,,1088235,126,100,100,http://192.168.109.128/large.jpg,1,0,0
1697102977907,8,Large HTTP Request ,200,OK,Thread Group 1-35,bin,true,,1088235,126,100,100,http://192.168.109.128/large.jpg,2,0,1
1697102979118,4,Small HTTP Request ,200,OK,Thread Group 1-36,bin,true,,10889,127,100,100,http://192.168.109.128/small.jpeg,4,0,2
1697102979127,25,Large HTTP Request ,200,OK,Thread Group 1-37,bin,true,,1088235,126,100,100,http://192.168.109.128/large.jpg,4,0,2
1697102979737,4,Medium HTTP Request ,200,OK,Thread Group 1-38,bin,true,,441281,127,100,100,http://192.168.109.128/medium.jpg,2,0,1
1697102980348,4,Medium HTTP Request ,200,OK,Thread Group 1-39,bin,true,,441281,127,100,100,http://192.168.109.128/medium.jpg,1,0,0
1697102980956,5,Medium HTTP Request ,200,OK,Thread Group 1-40,bin,true,,441281,127,100,100,http://192.168.109.128/medium.jpg,2,0,1
1697102982169,2,Small HTTP Request ,200,OK,Thread Group 1-41,bin,true,,10889,127,100,100,http://192.168.109.128/small.jpeg,2,0,1
1697102982179,7,Large HTTP Request ,200,OK,Thread Group 1-42,bin,true,,1088235,126,100,100,http://192.168.109.128/large.jpg,1,0,0
1697102982787,9,Medium HTTP Request ,200,OK,Thread Group 1-43,bin,true,,441281,127,100,100,http://192.168.109.128/medium.jpg,4,0,2
1697102983397,3,Medium HTTP Request ,200,OK,Thread Group 1-44,bin,true,,441281,127,100,100,http://192.168.109.128/medium.jpg,1,0,0
1697102984008,15,Medium HTTP Request ,200,OK,Thread Group 1-45,bin,true,,441281,127,100,100,http://192.168.109.128/medium.jpg,4,0,2
1697102984617,2,Small HTTP Request ,200,OK,Thread Group 1-46,bin,true,,10889,127,100,100,http://192.168.109.128/small.jpeg,2,0,1
1697102985226,4,Small HTTP Request ,200,OK,Thread Group 1-47,bin,true,,10889,127,100,100,http://192.168.109.128/small.jpeg,4,0,2
1697102985839,8,Medium HTTP Request ,200,OK,Thread Group 1-48,bin,true,,441281,127,100,100,http://192.168.109.128/medium.jpg,4,0,2
1697102986447,10,Large HTTP Request ,200,OK,Thread Group 1-49,bin,true,,1088235,126,100,100,http://192.168.109.128/large.jpg,3,0,1
1697102987057,11,Medium HTTP Request ,200,OK,Thread Group 1-50,bin,true,,441281,127,100,100,http://192.168.109.128/medium.jpg,4,0,2
1697102987667,11,Medium HTTP Request ,200,OK,Thread Group 1-51,bin,true,,441281,127,100,100,http://192.168.109.128/medium.jpg,4,0,2
1697102988280,4,Small HTTP Request ,200,OK,Thread Group 1-52,bin,true,,10889,127,100,100,http://192.168.109.128/small.jpeg,4,0,2
1697102988887,11,Large HTTP Request ,200,OK,Thread Group 1-53,bin,true,,1088235,126,100,100,http://192.168.109.128/large.jpg,4,0,2
1697102990098,11,Medium HTTP Request ,200,OK,Thread Group 1-54,bin,true,,441281,127,100,100,http://192.168.109.128/medium.jpg,4,0,2
1697102990709,10,Large HTTP Request ,200,OK,Thread Group 1-55,bin,true,,1088235,126,100,100,http://192.168.109.128/large.jpg,4,0,2
1697102991318,4,Small HTTP Request ,200,OK,Thread Group 1-56,bin,true,,10889,127,100,100,http://192.168.109.128/small.jpeg,4,0,2
1697102991328,12,Large HTTP Request ,200,OK,Thread Group 1-57,bin,true,,1088235,126,100,100,http://192.168.109.128/large.jpg,2,0,1
1697102991936,12,Medium HTTP Request ,200,OK,Thread Group 1-58,bin,true,,441281,127,100,100,http://192.168.109.128/medium.jpg,4,0,2
1697102993145,4,Medium HTTP Request ,200,OK,Thread Group 1-59,bin,true,,441281,127,100,100,http://192.168.109.128/medium.jpg,1,0,1
1697102993155,7,Large HTTP Request ,200,OK,Thread Group 1-60,bin,true,,1088235,126,100,100,http://192.168.109.128/large.jpg,0,0,0
1697102994366,11,Large HTTP Request ,200,OK,Thread Group 1-61,bin,true,,1088235,126,100,100,http://192.168.109.128/large.jpg,2,0,1
1697102994977,6,Medium HTTP Request ,200,OK,Thread Group 1-62,bin,true,,441281,127,100,100,http://192.168.109.128/medium.jpg,1,0,1
1697102994986,7,Large HTTP Request ,200,OK,Thread Group 1-63,bin,true,,1088235,126,100,100,http://192.168.109.128/large.jpg,1,0,1
1697102995596,4,Small HTTP Request ,200,OK,Thread Group 1-64,bin,true,,10889,127,100,100,http://192.168.109.128/small.jpeg,4,0,2
1697102996206,21,Large HTTP Request ,200,OK,Thread Group 1-65,bin,true,,1088235,126,100,100,http://192.168.109.128/large.jpg,3,0,2
1697102997416,4,Medium HTTP Request ,200,OK,Thread Group 1-66,bin,true,,441281,127,100,100,http://192.168.109.128/medium.jpg,1,0,1
1697102997426,1,Small HTTP Request ,200,OK,Thread Group 1-67,bin,true,,10889,127,100,100,http://192.168.109.128/small.jpeg,1,0,1
1697102998036,9,Medium HTTP Request ,200,OK,Thread Group 1-68,bin,true,,441281,127,100,100,http://192.168.109.128/medium.jpg,3,0,2
1697102999248,3,Small HTTP Request ,200,OK,Thread Group 1-69,bin,true,,10889,127,100,100,http://192.168.109.128/small.jpeg,3,0,1
1697102999257,21,Medium HTTP Request ,200,OK,Thread Group 1-70,bin,true,,441281,127,100,100,http://192.168.109.128/medium.jpg,4,0,2
1697102999866,9,Medium HTTP Request ,200,OK,Thread Group 1-71,bin,true,,441281,127,100,100,http://192.168.109.128/medium.jpg,3,0,1
1697103000478,12,Large HTTP Request ,200,OK,Thread Group 1-72,bin,true,,1088235,126,100,100,http://192.168.109.128/large.jpg,3,0,2
1697103001687,3,Small HTTP Request ,200,OK,Thread Group 1-73,bin,true,,10889,127,100,100,http://192.168.109.128/small.jpeg,3,0,2
1697103001697,3,Small HTTP Request ,200,OK,Thread Group 1-74,bin,true,,10889,127,100,100,http://192.168.109.128/small.jpeg,3,0,2
1697103002310,4,Small HTTP Request ,200,OK,Thread Group 1-75,bin,true,,10889,127,100,100,http://192.168.109.128/small.jpeg,3,0,2
1697103003517,2,Small HTTP Request ,200,OK,Thread Group 1-76,bin,true,,10889,127,100,100,http://192.168.109.128/small.jpeg,2,0,1
1697103003525,13,Large HTTP Request ,200,OK,Thread Group 1-77,bin,true,,1088235,126,100,100,http://192.168.109.128/large.jpg,1,0,0
1697103004139,1,Small HTTP Request ,200,OK,Thread Group 1-78,bin,true,,10889,127,100,100,http://192.168.109.128/small.jpeg,1,0,1
1697103004748,4,Small HTTP Request ,200,OK,Thread Group 1-79,bin,true,,10889,127,100,100,http://192.168.109.128/small.jpeg,4,0,2
1697103005356,6,Medium HTTP Request ,200,OK,Thread Group 1-80,bin,true,,441281,127,100,100,http://192.168.109.128/medium.jpg,3,0,2
1697103005967,10,Medium HTTP Request ,200,OK,Thread Group 1-81,bin,true,,441281,127,100,100,http://192.168.109.128/medium.jpg,4,0,2
1697103006576,13,Large HTTP Request ,200,OK,Thread Group 1-82,bin,true,,1088235,126,100,100,http://192.168.109.128/large.jpg,4,0,2
1697103007187,7,Large HTTP Request ,200,OK,Thread Group 1-83,bin,true,,1088235,126,100,100,http://192.168.109.128/large.jpg,1,0,1
1697103007796,8,Medium HTTP Request ,200,OK,Thread Group 1-84,bin,true,,441281,127,100,100,http://192.168.109.128/medium.jpg,4,0,2
1697103008409,8,Large HTTP Request ,200,OK,Thread Group 1-85,bin,true,,1088235,126,100,100,http://192.168.109.128/large.jpg,2,0,1
1697103009019,11,Large HTTP Request ,200,OK,Thread Group 1-86,bin,true,,1088235,126,100,100,http://192.168.109.128/large.jpg,2,0,1
1697103009626,3,Small HTTP Request ,200,OK,Thread Group 1-87,bin,true,,10889,127,100,100,http://192.168.109.128/small.jpeg,3,0,2
1697103010836,9,Large HTTP Request ,200,OK,Thread Group 1-88,bin,true,,1088235,126,100,100,http://192.168.109.128/large.jpg,1,0,1
1697103010848,4,Medium HTTP Request ,200,OK,Thread Group 1-89,bin,true,,441281,127,100,100,http://192.168.109.128/medium.jpg,1,0,0
1697103011456,10,Medium HTTP Request ,200,OK,Thread Group 1-90,bin,true,,441281,127,100,100,http://192.168.109.128/medium.jpg,3,0,2
1697103012069,3,Small HTTP Request ,200,OK,Thread Group 1-91,bin,true,,10889,127,100,100,http://192.168.109.128/small.jpeg,3,0,2
1697103012676,1,Small HTTP Request ,200,OK,Thread Group 1-92,bin,true,,10889,127,100,100,http://192.168.109.128/small.jpeg,1,0,0
1697103013285,1,Small HTTP Request ,200,OK,Thread Group 1-93,bin,true,,10889,127,100,100,http://192.168.109.128/small.jpeg,1,0,1
1697103013898,2,Small HTTP Request ,200,OK,Thread Group 1-94,bin,true,,10889,127,100,100,http://192.168.109.128/small.jpeg,2,0,1
1697103014507,15,Large HTTP Request ,200,OK,Thread Group 1-95,bin,true,,1088235,126,100,100,http://192.168.109.128/large.jpg,4,0,2
1697103015119,2,Small HTTP Request ,200,OK,Thread Group 1-96,bin,true,,10889,127,100,100,http://192.168.109.128/small.jpeg,2,0,1
1697103015728,4,Small HTTP Request ,200,OK,Thread Group 1-97,bin,true,,10889,127,100,100,http://192.168.109.128/small.jpeg,4,0,2
1697103016337,14,Large HTTP Request ,200,OK,Thread Group 1-98,bin,true,,1088235,126,100,100,http://192.168.109.128/large.jpg,4,0,2
1697103016948,23,Large HTTP Request ,200,OK,Thread Group 1-99,bin,true,,1088235,126,100,100,http://192.168.109.128/large.jpg,3,0,1
1697103017559,8,Medium HTTP Request ,200,OK,Thread Group 1-100,bin,true,,441281,127,100,100,http://192.168.109.128/medium.jpg,4,0,2
1697103017767,4,Small HTTP Request ,200,OK,Thread Group 1-1,bin,true,,10889,127,100,100,http://192.168.109.128/small.jpeg,4,0,2
1697103017778,4,Small HTTP Request ,200,OK,Thread Group 1-2,bin,true,,10889,127,100,100,http://192.168.109.128/small.jpeg,4,0,2
1697103018387,4,Small HTTP Request ,200,OK,Thread Group 1-3,bin,true,,10889,127,100,100,http://192.168.109.128/small.jpeg,4,0,2
1697103019600,18,Large HTTP Request ,200,OK,Thread Group 1-4,bin,true,,1088235,126,100,100,http://192.168.109.128/large.jpg,3,0,2
1697103019610,15,Large HTTP Request ,200,OK,Thread Group 1-5,bin,true,,1088235,126,100,100,http://192.168.109.128/large.jpg,2,0,1
1697103020216,3,Small HTTP Request ,200,OK,Thread Group 1-6,bin,true,,10889,127,100,100,http://192.168.109.128/small.jpeg,3,0,1
1697103020829,9,Medium HTTP Request ,200,OK,Thread Group 1-7,bin,true,,441281,127,100,100,http://192.168.109.128/medium.jpg,4,0,2
1697103021439,8,Large HTTP Request ,200,OK,Thread Group 1-8,bin,true,,1088235,126,100,100,http://192.168.109.128/large.jpg,2,0,1
1697103022048,8,Medium HTTP Request ,200,OK,Thread Group 1-9,bin,true,,441281,127,100,100,http://192.168.109.128/medium.jpg,1,0,1
1697103022656,16,Large HTTP Request ,200,OK,Thread Group 1-10,bin,true,,1088235,126,100,100,http://192.168.109.128/large.jpg,3,0,1
1697103023266,12,Medium HTTP Request ,200,OK,Thread Group 1-11,bin,true,,441281,127,100,100,http://192.168.109.128/medium.jpg,5,0,3
1697103023876,14,Large HTTP Request ,200,OK,Thread Group 1-12,bin,true,,1088235,126,100,100,http://192.168.109.128/large.jpg,3,0,2
1697103025087,15,Large HTTP Request ,200,OK,Thread Group 1-13,bin,true,,1088235,126,100,100,http://192.168.109.128/large.jpg,4,0,2
1697103025099,4,Small HTTP Request ,200,OK,Thread Group 1-14,bin,true,,10889,127,100,100,http://192.168.109.128/small.jpeg,4,0,3
1697103026308,13,Medium HTTP Request ,200,OK,Thread Group 1-15,bin,true,,441281,127,100,100,http://192.168.109.128/medium.jpg,4,0,2
1697103026316,10,Large HTTP Request ,200,OK,Thread Group 1-16,bin,true,,1088235,126,100,100,http://192.168.109.128/large.jpg,3,0,2
1697103026928,13,Large HTTP Request ,200,OK,Thread Group 1-17,bin,true,,1088235,126,100,100,http://192.168.109.128/large.jpg,4,0,2
1697103027537,21,Large HTTP Request ,200,OK,Thread Group 1-18,bin,true,,1088235,126,100,100,http://192.168.109.128/large.jpg,4,0,2
1697103028148,1,Small HTTP Request ,200,OK,Thread Group 1-19,bin,true,,10889,127,100,100,http://192.168.109.128/small.jpeg,1,0,0
1697103028758,3,Small HTTP Request ,200,OK,Thread Group 1-20,bin,true,,10889,127,100,100,http://192.168.109.128/small.jpeg,3,0,2
1697103029368,11,Large HTTP Request ,200,OK,Thread Group 1-21,bin,true,,1088235,126,100,100,http://192.168.109.128/large.jpg,2,0,1
1697103029977,8,Medium HTTP Request ,200,OK,Thread Group 1-22,bin,true,,441281,127,100,100,http://192.168.109.128/medium.jpg,3,0,1
1697103030588,2,Small HTTP Request ,200,OK,Thread Group 1-23,bin,true,,10889,127,100,100,http://192.168.109.128/small.jpeg,2,0,1
1697103031197,8,Medium HTTP Request ,200,OK,Thread Group 1-24,bin,true,,441281,127,100,100,http://192.168.109.128/medium.jpg,2,0,1
1697103031807,4,Small HTTP Request ,200,OK,Thread Group 1-25,bin,true,,10889,127,100,100,http://192.168.109.128/small.jpeg,4,0,2
1697103032417,7,Large HTTP Request ,200,OK,Thread Group 1-26,bin,true,,1088235,126,100,100,http://192.168.109.128/large.jpg,1,0,1
1697103033029,10,Medium HTTP Request ,200,OK,Thread Group 1-27,bin,true,,441281,127,100,100,http://192.168.109.128/medium.jpg,2,0,1
1697103033636,18,Large HTTP Request ,200,OK,Thread Group 1-28,bin,true,,1088235,126,100,100,http://192.168.109.128/large.jpg,4,0,2
1697103034248,5,Medium HTTP Request ,200,OK,Thread Group 1-29,bin,true,,441281,127,100,100,http://192.168.109.128/medium.jpg,2,0,1
1697103034858,12,Medium HTTP Request ,200,OK,Thread Group 1-30,bin,true,,441281,127,100,100,http://192.168.109.128/medium.jpg,2,0,1
1697103035469,7,Medium HTTP Request ,200,OK,Thread Group 1-31,bin,true,,441281,127,100,100,http://192.168.109.128/medium.jpg,2,0,1
1697103036080,8,Large HTTP Request ,200,OK,Thread Group 1-32,bin,true,,1088235,126,100,100,http://192.168.109.128/large.jpg,1,0,0
1697103036687,3,Small HTTP Request ,200,OK,Thread Group 1-33,bin,true,,10889,127,100,100,http://192.168.109.128/small.jpeg,3,0,1
1697103037296,9,Medium HTTP Request ,200,OK,Thread Group 1-34,bin,true,,441281,127,100,100,http://192.168.109.128/medium.jpg,2,0,1
1697103037907,12,Large HTTP Request ,200,OK,Thread Group 1-35,bin,true,,1088235,126,100,100,http://192.168.109.128/large.jpg,3,0,2
1697103039117,10,Medium HTTP Request ,200,OK,Thread Group 1-36,bin,true,,441281,127,100,100,http://192.168.109.128/medium.jpg,3,0,2
1697103039127,1,Small HTTP Request ,200,OK,Thread Group 1-37,bin,true,,10889,127,100,100,http://192.168.109.128/small.jpeg,1,0,1
1697103039739,3,Small HTTP Request ,200,OK,Thread Group 1-38,bin,true,,10889,127,100,100,http://192.168.109.128/small.jpeg,3,0,1
1697103040347,6,Medium HTTP Request ,200,OK,Thread Group 1-39,bin,true,,441281,127,100,100,http://192.168.109.128/medium.jpg,3,0,2
1697103040956,9,Medium HTTP Request ,200,OK,Thread Group 1-40,bin,true,,441281,127,100,100,http://192.168.109.128/medium.jpg,2,0,1
1697103042166,15,Large HTTP Request ,200,OK,Thread Group 1-41,bin,true,,1088235,126,100,100,http://192.168.109.128/large.jpg,4,0,2
1697103042179,2,Small HTTP Request ,200,OK,Thread Group 1-42,bin,true,,10889,127,100,100,http://192.168.109.128/small.jpeg,2,0,2
1697103042788,2,Small HTTP Request ,200,OK,Thread Group 1-43,bin,true,,10889,127,100,100,http://192.168.109.128/small.jpeg,2,0,1
1697103043398,8,Large HTTP Request ,200,OK,Thread Group 1-44,bin,true,,1088235,126,100,100,http://192.168.109.128/large.jpg,2,0,1
1697103044007,5,Medium HTTP Request ,200,OK,Thread Group 1-45,bin,true,,441281,127,100,100,http://192.168.109.128/medium.jpg,2,0,1
1697103044619,10,Large HTTP Request ,200,OK,Thread Group 1-46,bin,true,,1088235,126,100,100,http://192.168.109.128/large.jpg,2,0,1
1697103045228,10,Large HTTP Request ,200,OK,Thread Group 1-47,bin,true,,1088235,126,100,100,http://192.168.109.128/large.jpg,2,0,1
1697103045838,2,Small HTTP Request ,200,OK,Thread Group 1-48,bin,true,,10889,127,100,100,http://192.168.109.128/small.jpeg,2,0,1
1697103046447,12,Large HTTP Request ,200,OK,Thread Group 1-49,bin,true,,1088235,126,100,100,http://192.168.109.128/large.jpg,3,0,2
1697103047058,2,Small HTTP Request ,200,OK,Thread Group 1-50,bin,true,,10889,127,100,100,http://192.168.109.128/small.jpeg,1,0,1
1697103047667,6,Large HTTP Request ,200,OK,Thread Group 1-51,bin,true,,1088235,126,100,100,http://192.168.109.128/large.jpg,1,0,0
1697103048278,6,Medium HTTP Request ,200,OK,Thread Group 1-52,bin,true,,441281,127,100,100,http://192.168.109.128/medium.jpg,2,0,2
1697103048887,16,Large HTTP Request ,200,OK,Thread Group 1-53,bin,true,,1088235,126,100,100,http://192.168.109.128/large.jpg,3,0,2
1697103050098,4,Small HTTP Request ,200,OK,Thread Group 1-54,bin,true,,10889,127,100,100,http://192.168.109.128/small.jpeg,4,0,2
1697103050707,5,Medium HTTP Request ,200,OK,Thread Group 1-55,bin,true,,441281,127,100,100,http://192.168.109.128/medium.jpg,2,0,1
1697103051317,15,Large HTTP Request ,200,OK,Thread Group 1-56,bin,true,,1088235,126,100,100,http://192.168.109.128/large.jpg,4,0,2
1697103051327,12,Large HTTP Request ,200,OK,Thread Group 1-57,bin,true,,1088235,126,100,100,http://192.168.109.128/large.jpg,5,0,3
1697103051938,8,Large HTTP Request ,200,OK,Thread Group 1-58,bin,true,,1088235,126,100,100,http://192.168.109.128/large.jpg,1,0,0
1697103053147,3,Medium HTTP Request ,200,OK,Thread Group 1-59,bin,true,,441281,127,100,100,http://192.168.109.128/medium.jpg,1,0,0
1697103053158,8,Large HTTP Request ,200,OK,Thread Group 1-60,bin,true,,1088235,126,100,100,http://192.168.109.128/large.jpg,1,0,1
1697103054367,5,Medium HTTP Request ,200,OK,Thread Group 1-61,bin,true,,441281,127,100,100,http://192.168.109.128/medium.jpg,2,0,1
1697103054978,12,Medium HTTP Request ,200,OK,Thread Group 1-62,bin,true,,441281,127,100,100,http://192.168.109.128/medium.jpg,3,0,2
1697103054987,19,Large HTTP Request ,200,OK,Thread Group 1-63,bin,true,,1088235,126,100,100,http://192.168.109.128/large.jpg,4,0,3
1697103055598,1,Small HTTP Request ,200,OK,Thread Group 1-64,bin,true,,10889,127,100,100,http://192.168.109.128/small.jpeg,1,0,0
1697103056206,4,Medium HTTP Request ,200,OK,Thread Group 1-65,bin,true,,441281,127,100,100,http://192.168.109.128/medium.jpg,2,0,1
1697103057416,1,Small HTTP Request ,200,OK,Thread Group 1-66,bin,true,,10889,127,100,100,http://192.168.109.128/small.jpeg,1,0,1
1697103057426,4,Medium HTTP Request ,200,OK,Thread Group 1-67,bin,true,,441281,127,100,100,http://192.168.109.128/medium.jpg,1,0,1
1697103058036,2,Small HTTP Request ,200,OK,Thread Group 1-68,bin,true,,10889,127,100,100,http://192.168.109.128/small.jpeg,2,0,1
1697103059248,1,Small HTTP Request ,200,OK,Thread Group 1-69,bin,true,,10889,127,100,100,http://192.168.109.128/small.jpeg,1,0,0
1697103059257,1,Small HTTP Request ,200,OK,Thread Group 1-70,bin,true,,10889,127,100,100,http://192.168.109.128/small.jpeg,1,0,0
1697103059868,12,Large HTTP Request ,200,OK,Thread Group 1-71,bin,true,,1088235,126,100,100,http://192.168.109.128/large.jpg,2,0,1
1697103060479,1,Small HTTP Request ,200,OK,Thread Group 1-72,bin,true,,10889,127,100,100,http://192.168.109.128/small.jpeg,1,0,1
1697103061688,3,Small HTTP Request ,200,OK,Thread Group 1-73,bin,true,,10889,127,100,100,http://192.168.109.128/small.jpeg,3,0,1
1697103061697,1,Small HTTP Request ,200,OK,Thread Group 1-74,bin,true,,10889,127,100,100,http://192.168.109.128/small.jpeg,1,0,0
1697103062311,3,Small HTTP Request ,200,OK,Thread Group 1-75,bin,true,,10889,127,100,100,http://192.168.109.128/small.jpeg,3,0,2
1697103063516,4,Small HTTP Request ,200,OK,Thread Group 1-76,bin,true,,10889,127,100,100,http://192.168.109.128/small.jpeg,4,0,2
1697103063527,1,Small HTTP Request ,200,OK,Thread Group 1-77,bin,true,,10889,127,100,100,http://192.168.109.128/small.jpeg,1,0,1
1697103064137,9,Medium HTTP Request ,200,OK,Thread Group 1-78,bin,true,,441281,127,100,100,http://192.168.109.128/medium.jpg,4,0,2
1697103064746,10,Large HTTP Request ,200,OK,Thread Group 1-79,bin,true,,1088235,126,100,100,http://192.168.109.128/large.jpg,2,0,1
1697103065358,10,Medium HTTP Request ,200,OK,Thread Group 1-80,bin,true,,441281,127,100,100,http://192.168.109.128/medium.jpg,3,0,2
1697103065967,13,Large HTTP Request ,200,OK,Thread Group 1-81,bin,true,,1088235,126,100,100,http://192.168.109.128/large.jpg,4,0,2
1697103066575,2,Small HTTP Request ,200,OK,Thread Group 1-82,bin,true,,10889,127,100,100,http://192.168.109.128/small.jpeg,2,0,1
1697103067187,1,Small HTTP Request ,200,OK,Thread Group 1-83,bin,true,,10889,127,100,100,http://192.168.109.128/small.jpeg,1,0,1
1697103067797,12,Large HTTP Request ,200,OK,Thread Group 1-84,bin,true,,1088235,126,100,100,http://192.168.109.128/large.jpg,4,0,2
1697103068407,4,Medium HTTP Request ,200,OK,Thread Group 1-85,bin,true,,441281,127,100,100,http://192.168.109.128/medium.jpg,1,0,0
1697103069017,14,Large HTTP Request ,200,OK,Thread Group 1-86,bin,true,,1088235,126,100,100,http://192.168.109.128/large.jpg,3,0,1
1697103069626,7,Medium HTTP Request ,200,OK,Thread Group 1-87,bin,true,,441281,127,100,100,http://192.168.109.128/medium.jpg,3,0,2
1697103070835,12,Large HTTP Request ,200,OK,Thread Group 1-88,bin,true,,1088235,126,100,100,http://192.168.109.128/large.jpg,2,0,1
1697103070846,5,Medium HTTP Request ,200,OK,Thread Group 1-89,bin,true,,441281,127,100,100,http://192.168.109.128/medium.jpg,2,0,1
1697103071457,3,Small HTTP Request ,200,OK,Thread Group 1-90,bin,true,,10889,127,100,100,http://192.168.109.128/small.jpeg,3,0,2
1697103072067,4,Small HTTP Request ,200,OK,Thread Group 1-91,bin,true,,10889,127,100,100,http://192.168.109.128/small.jpeg,4,0,2
1697103072677,4,Medium HTTP Request ,200,OK,Thread Group 1-92,bin,true,,441281,127,100,100,http://192.168.109.128/medium.jpg,1,0,0
1697103073288,8,Medium HTTP Request ,200,OK,Thread Group 1-93,bin,true,,441281,127,100,100,http://192.168.109.128/medium.jpg,3,0,1
1697103073897,5,Medium HTTP Request ,200,OK,Thread Group 1-94,bin,true,,441281,127,100,100,http://192.168.109.128/medium.jpg,2,0,1
1697103074507,5,Small HTTP Request ,200,OK,Thread Group 1-95,bin,true,,10889,127,100,100,http://192.168.109.128/small.jpeg,5,0,2
1697103075116,10,Large HTTP Request ,200,OK,Thread Group 1-96,bin,true,,1088235,126,100,100,http://192.168.109.128/large.jpg,2,0,1
1697103075726,4,Small HTTP Request ,200,OK,Thread Group 1-97,bin,true,,10889,127,100,100,http://192.168.109.128/small.jpeg,4,0,2
1697103076336,11,Medium HTTP Request ,200,OK,Thread Group 1-98,bin,true,,441281,127,100,100,http://192.168.109.128/medium.jpg,4,0,2
1697103076949,3,Small HTTP Request ,200,OK,Thread Group 1-99,bin,true,,10889,127,100,100,http://192.168.109.128/small.jpeg,3,0,1
1697103077558,23,Large HTTP Request ,200,OK,Thread Group 1-100,bin,true,,1088235,126,100,100,http://192.168.109.128/large.jpg,4,0,2
1697103077766,4,Small HTTP Request ,200,OK,Thread Group 1-1,bin,true,,10889,127,100,100,http://192.168.109.128/small.jpeg,4,0,2
1697103077780,26,Large HTTP Request ,200,OK,Thread Group 1-2,bin,true,,1088235,126,100,100,http://192.168.109.128/large.jpg,4,0,2
1697103078386,10,Medium HTTP Request ,200,OK,Thread Group 1-3,bin,true,,441281,127,100,100,http://192.168.109.128/medium.jpg,4,0,2
1697103079606,19,Medium HTTP Request ,200,OK,Thread Group 1-5,bin,true,,441281,127,100,100,http://192.168.109.128/medium.jpg,5,0,2
1697103079600,33,Large HTTP Request ,200,OK,Thread Group 1-4,bin,true,,1088235,126,100,100,http://192.168.109.128/large.jpg,4,0,2
1697103080216,5,Medium HTTP Request ,200,OK,Thread Group 1-6,bin,true,,441281,127,100,100,http://192.168.109.128/medium.jpg,2,0,1
1697103080828,2,Small HTTP Request ,200,OK,Thread Group 1-7,bin,true,,10889,127,100,100,http://192.168.109.128/small.jpeg,2,0,2
1697103081437,4,Small HTTP Request ,200,OK,Thread Group 1-8,bin,true,,10889,127,100,100,http://192.168.109.128/small.jpeg,4,0,3
1697103082048,11,Medium HTTP Request ,200,OK,Thread Group 1-9,bin,true,,441281,127,100,100,http://192.168.109.128/medium.jpg,4,0,2
1697103082657,4,Small HTTP Request ,200,OK,Thread Group 1-10,bin,true,,10889,127,100,100,http://192.168.109.128/small.jpeg,4,0,2
1697103083266,14,Large HTTP Request ,200,OK,Thread Group 1-11,bin,true,,1088235,126,100,100,http://192.168.109.128/large.jpg,4,0,2
1697103083876,12,Large HTTP Request ,200,OK,Thread Group 1-12,bin,true,,1088235,126,100,100,http://192.168.109.128/large.jpg,3,0,1
1697103085087,10,Medium HTTP Request ,200,OK,Thread Group 1-13,bin,true,,441281,127,100,100,http://192.168.109.128/medium.jpg,4,0,2
1697103085096,1,Small HTTP Request ,200,OK,Thread Group 1-14,bin,true,,10889,127,100,100,http://192.168.109.128/small.jpeg,1,0,1
1697103086318,2,Small HTTP Request ,200,OK,Thread Group 1-16,bin,true,,10889,127,100,100,http://192.168.109.128/small.jpeg,2,0,1
1697103086310,14,Medium HTTP Request ,200,OK,Thread Group 1-15,bin,true,,441281,127,100,100,http://192.168.109.128/medium.jpg,2,0,1
1697103086927,4,Medium HTTP Request ,200,OK,Thread Group 1-17,bin,true,,441281,127,100,100,http://192.168.109.128/medium.jpg,2,0,1
1697103087537,12,Medium HTTP Request ,200,OK,Thread Group 1-18,bin,true,,441281,127,100,100,http://192.168.109.128/medium.jpg,4,0,2
1697103088148,11,Large HTTP Request ,200,OK,Thread Group 1-19,bin,true,,1088235,126,100,100,http://192.168.109.128/large.jpg,2,0,1
1697103088757,2,Small HTTP Request ,200,OK,Thread Group 1-20,bin,true,,10889,127,100,100,http://192.168.109.128/small.jpeg,2,0,1
1697103089368,11,Medium HTTP Request ,200,OK,Thread Group 1-21,bin,true,,441281,127,100,100,http://192.168.109.128/medium.jpg,4,0,2
1697103089976,12,Large HTTP Request ,200,OK,Thread Group 1-22,bin,true,,1088235,126,100,100,http://192.168.109.128/large.jpg,3,0,2
1697103090586,4,Small HTTP Request ,200,OK,Thread Group 1-23,bin,true,,10889,127,100,100,http://192.168.109.128/small.jpeg,4,0,2
1697103091198,9,Large HTTP Request ,200,OK,Thread Group 1-24,bin,true,,1088235,126,100,100,http://192.168.109.128/large.jpg,3,0,2
1697103091806,2,Small HTTP Request ,200,OK,Thread Group 1-25,bin,true,,10889,127,100,100,http://192.168.109.128/small.jpeg,2,0,1
1697103092417,16,Large HTTP Request ,200,OK,Thread Group 1-26,bin,true,,1088235,126,100,100,http://192.168.109.128/large.jpg,4,0,2
1697103093027,3,Small HTTP Request ,200,OK,Thread Group 1-27,bin,true,,10889,127,100,100,http://192.168.109.128/small.jpeg,3,0,2
1697103093637,18,Large HTTP Request ,200,OK,Thread Group 1-28,bin,true,,1088235,126,100,100,http://192.168.109.128/large.jpg,4,0,2
1697103094247,8,Medium HTTP Request ,200,OK,Thread Group 1-29,bin,true,,441281,127,100,100,http://192.168.109.128/medium.jpg,3,0,1
1697103094857,9,Medium HTTP Request ,200,OK,Thread Group 1-30,bin,true,,441281,127,100,100,http://192.168.109.128/medium.jpg,3,0,2
1697103095470,2,Small HTTP Request ,200,OK,Thread Group 1-31,bin,true,,10889,127,100,100,http://192.168.109.128/small.jpeg,2,0,1
1697103096081,9,Medium HTTP Request ,200,OK,Thread Group 1-32,bin,true,,441281,127,100,100,http://192.168.109.128/medium.jpg,3,0,2
1697103096688,14,Large HTTP Request ,200,OK,Thread Group 1-33,bin,true,,1088235,126,100,100,http://192.168.109.128/large.jpg,4,0,2
1697103097296,5,Small HTTP Request ,200,OK,Thread Group 1-34,bin,true,,10889,127,100,100,http://192.168.109.128/small.jpeg,4,0,2
1697103097907,14,Medium HTTP Request ,200,OK,Thread Group 1-35,bin,true,,441281,127,100,100,http://192.168.109.128/medium.jpg,4,0,2
1697103099117,4,Small HTTP Request ,200,OK,Thread Group 1-36,bin,true,,10889,127,100,100,http://192.168.109.128/small.jpeg,4,0,2
1697103099127,11,Large HTTP Request ,200,OK,Thread Group 1-37,bin,true,,1088235,126,100,100,http://192.168.109.128/large.jpg,4,0,2
1697103099737,4,Medium HTTP Request ,200,OK,Thread Group 1-38,bin,true,,441281,127,100,100,http://192.168.109.128/medium.jpg,1,0,1
1697103100347,13,Large HTTP Request ,200,OK,Thread Group 1-39,bin,true,,1088235,126,100,100,http://192.168.109.128/large.jpg,4,0,2
1697103100956,13,Large HTTP Request ,200,OK,Thread Group 1-40,bin,true,,1088235,126,100,100,http://192.168.109.128/large.jpg,4,0,2
1697103102166,14,Large HTTP Request ,200,OK,Thread Group 1-41,bin,true,,1088235,126,100,100,http://192.168.109.128/large.jpg,4,0,2
1697103102179,2,Small HTTP Request ,200,OK,Thread Group 1-42,bin,true,,10889,127,100,100,http://192.168.109.128/small.jpeg,2,0,1
1697103102788,4,Small HTTP Request ,200,OK,Thread Group 1-43,bin,true,,10889,127,100,100,http://192.168.109.128/small.jpeg,4,0,2
1697103103397,17,Large HTTP Request ,200,OK,Thread Group 1-44,bin,true,,1088235,126,100,100,http://192.168.109.128/large.jpg,3,0,1
1697103104006,11,Large HTTP Request ,200,OK,Thread Group 1-45,bin,true,,1088235,126,100,100,http://192.168.109.128/large.jpg,2,0,1
1697103104618,21,Large HTTP Request ,200,OK,Thread Group 1-46,bin,true,,1088235,126,100,100,http://192.168.109.128/large.jpg,4,0,2
1697103105226,23,Large HTTP Request ,200,OK,Thread Group 1-47,bin,true,,1088235,126,100,100,http://192.168.109.128/large.jpg,4,0,3
1697103105838,5,Medium HTTP Request ,200,OK,Thread Group 1-48,bin,true,,441281,127,100,100,http://192.168.109.128/medium.jpg,3,0,2
1697103106447,15,Large HTTP Request ,200,OK,Thread Group 1-49,bin,true,,1088235,126,100,100,http://192.168.109.128/large.jpg,3,0,2
1697103107057,9,Medium HTTP Request ,200,OK,Thread Group 1-50,bin,true,,441281,127,100,100,http://192.168.109.128/medium.jpg,3,0,1
1697103107668,6,Medium HTTP Request ,200,OK,Thread Group 1-51,bin,true,,441281,127,100,100,http://192.168.109.128/medium.jpg,3,0,2
1697103108277,4,Small HTTP Request ,200,OK,Thread Group 1-52,bin,true,,10889,127,100,100,http://192.168.109.128/small.jpeg,4,0,2
1697103108887,14,Large HTTP Request ,200,OK,Thread Group 1-53,bin,true,,1088235,126,100,100,http://192.168.109.128/large.jpg,3,0,2
1697103110100,3,Small HTTP Request ,200,OK,Thread Group 1-54,bin,true,,10889,127,100,100,http://192.168.109.128/small.jpeg,3,0,2
1697103110707,8,Large HTTP Request ,200,OK,Thread Group 1-55,bin,true,,1088235,126,100,100,http://192.168.109.128/large.jpg,1,0,0
1697103111327,3,Small HTTP Request ,200,OK,Thread Group 1-57,bin,true,,10889,127,100,100,http://192.168.109.128/small.jpeg,3,0,1
1697103111317,18,Large HTTP Request ,200,OK,Thread Group 1-56,bin,true,,1088235,126,100,100,http://192.168.109.128/large.jpg,3,0,1
1697103111938,4,Small HTTP Request ,200,OK,Thread Group 1-58,bin,true,,10889,127,100,100,http://192.168.109.128/small.jpeg,4,0,2
1697103113148,3,Small HTTP Request ,200,OK,Thread Group 1-59,bin,true,,10889,127,100,100,http://192.168.109.128/small.jpeg,3,0,1
1697103113156,8,Medium HTTP Request ,200,OK,Thread Group 1-60,bin,true,,441281,127,100,100,http://192.168.109.128/medium.jpg,2,0,1
1697103114368,13,Medium HTTP Request ,200,OK,Thread Group 1-61,bin,true,,441281,127,100,100,http://192.168.109.128/medium.jpg,4,0,2
1697103114977,9,Large HTTP Request ,200,OK,Thread Group 1-62,bin,true,,1088235,126,100,100,http://192.168.109.128/large.jpg,2,0,1
1697103114987,1,Small HTTP Request ,200,OK,Thread Group 1-63,bin,true,,10889,127,100,100,http://192.168.109.128/small.jpeg,1,0,0
1697103115600,2,Small HTTP Request ,200,OK,Thread Group 1-64,bin,true,,10889,127,100,100,http://192.168.109.128/small.jpeg,2,0,1
1697103116205,10,Large HTTP Request ,200,OK,Thread Group 1-65,bin,true,,1088235,126,100,100,http://192.168.109.128/large.jpg,2,0,1
1697103117428,12,Medium HTTP Request ,200,OK,Thread Group 1-67,bin,true,,441281,127,100,100,http://192.168.109.128/medium.jpg,2,0,1
1697103117416,27,Large HTTP Request ,200,OK,Thread Group 1-66,bin,true,,1088235,126,100,100,http://192.168.109.128/large.jpg,3,0,1
1697103118036,8,Large HTTP Request ,200,OK,Thread Group 1-68,bin,true,,1088235,126,100,100,http://192.168.109.128/large.jpg,3,0,2
1697103119258,1,Small HTTP Request ,200,OK,Thread Group 1-70,bin,true,,10889,127,100,100,http://192.168.109.128/small.jpeg,1,0,0
1697103119247,16,Large HTTP Request ,200,OK,Thread Group 1-69,bin,true,,1088235,126,100,100,http://192.168.109.128/large.jpg,4,0,2
1697103119868,19,Large HTTP Request ,200,OK,Thread Group 1-71,bin,true,,1088235,126,100,100,http://192.168.109.128/large.jpg,4,0,2
1697103120477,26,Large HTTP Request ,200,OK,Thread Group 1-72,bin,true,,1088235,126,100,100,http://192.168.109.128/large.jpg,4,0,3
1697103121689,1,Small HTTP Request ,200,OK,Thread Group 1-73,bin,true,,10889,127,100,100,http://192.168.109.128/small.jpeg,1,0,1
1697103121697,4,Medium HTTP Request ,200,OK,Thread Group 1-74,bin,true,,441281,127,100,100,http://192.168.109.128/medium.jpg,1,0,1
1697103122310,15,Large HTTP Request ,200,OK,Thread Group 1-75,bin,true,,1088235,126,100,100,http://192.168.109.128/large.jpg,5,0,3
1697103123517,12,Medium HTTP Request ,200,OK,Thread Group 1-76,bin,true,,441281,127,100,100,http://192.168.109.128/medium.jpg,4,0,2
1697103123526,9,Large HTTP Request ,200,OK,Thread Group 1-77,bin,true,,1088235,126,100,100,http://192.168.109.128/large.jpg,1,0,0
1697103124137,4,Medium HTTP Request ,200,OK,Thread Group 1-78,bin,true,,441281,127,100,100,http://192.168.109.128/medium.jpg,1,0,1
1697103124748,9,Large HTTP Request ,200,OK,Thread Group 1-79,bin,true,,1088235,126,100,100,http://192.168.109.128/large.jpg,2,0,1
1697103125357,5,Medium HTTP Request ,200,OK,Thread Group 1-80,bin,true,,441281,127,100,100,http://192.168.109.128/medium.jpg,2,0,1
1697103125966,1,Small HTTP Request ,200,OK,Thread Group 1-81,bin,true,,10889,127,100,100,http://192.168.109.128/small.jpeg,1,0,0
1697103126576,15,Large HTTP Request ,200,OK,Thread Group 1-82,bin,true,,1088235,126,100,100,http://192.168.109.128/large.jpg,3,0,2
1697103127187,4,Medium HTTP Request ,200,OK,Thread Group 1-83,bin,true,,441281,127,100,100,http://192.168.109.128/medium.jpg,1,0,1
1697103127796,4,Small HTTP Request ,200,OK,Thread Group 1-84,bin,true,,10889,127,100,100,http://192.168.109.128/small.jpeg,4,0,2
1697103128407,2,Small HTTP Request ,200,OK,Thread Group 1-85,bin,true,,10889,127,100,100,http://192.168.109.128/small.jpeg,2,0,1
1697103129019,4,Small HTTP Request ,200,OK,Thread Group 1-86,bin,true,,10889,127,100,100,http://192.168.109.128/small.jpeg,4,0,2
1697103129625,5,Small HTTP Request ,200,OK,Thread Group 1-87,bin,true,,10889,127,100,100,http://192.168.109.128/small.jpeg,4,0,2
1697103130836,13,Medium HTTP Request ,200,OK,Thread Group 1-88,bin,true,,441281,127,100,100,http://192.168.109.128/medium.jpg,3,0,2
1697103130850,9,Medium HTTP Request ,200,OK,Thread Group 1-89,bin,true,,441281,127,100,100,http://192.168.109.128/medium.jpg,1,0,0
1697103131458,20,Large HTTP Request ,200,OK,Thread Group 1-90,bin,true,,1088235,126,100,100,http://192.168.109.128/large.jpg,4,0,2
1697103132068,2,Small HTTP Request ,200,OK,Thread Group 1-91,bin,true,,10889,127,100,100,http://192.168.109.128/small.jpeg,2,0,1
1697103132676,24,Large HTTP Request ,200,OK,Thread Group 1-92,bin,true,,1088235,126,100,100,http://192.168.109.128/large.jpg,3,0,2
1697103133287,8,Large HTTP Request ,200,OK,Thread Group 1-93,bin,true,,1088235,126,100,100,http://192.168.109.128/large.jpg,2,0,1
1697103133897,4,Medium HTTP Request ,200,OK,Thread Group 1-94,bin,true,,441281,127,100,100,http://192.168.109.128/medium.jpg,2,0,1
1697103134507,4,Small HTTP Request ,200,OK,Thread Group 1-95,bin,true,,10889,127,100,100,http://192.168.109.128/small.jpeg,4,0,2
1697103135116,14,Large HTTP Request ,200,OK,Thread Group 1-96,bin,true,,1088235,126,100,100,http://192.168.109.128/large.jpg,3,0,2
1697103135726,2,Small HTTP Request ,200,OK,Thread Group 1-97,bin,true,,10889,127,100,100,http://192.168.109.128/small.jpeg,2,0,1
1697103136337,15,Large HTTP Request ,200,OK,Thread Group 1-98,bin,true,,1088235,126,100,100,http://192.168.109.128/large.jpg,2,0,1
1697103136947,7,Large HTTP Request ,200,OK,Thread Group 1-99,bin,true,,1088235,126,100,100,http://192.168.109.128/large.jpg,2,0,1
1697103137557,14,Large HTTP Request ,200,OK,Thread Group 1-100,bin,true,,1088235,126,99,99,http://192.168.109.128/large.jpg,4,0,2
1697103137766,11,Medium HTTP Request ,200,OK,Thread Group 1-1,bin,true,,441281,127,98,98,http://192.168.109.128/medium.jpg,4,0,2
1697103137780,14,Large HTTP Request ,200,OK,Thread Group 1-2,bin,true,,1088235,126,97,97,http://192.168.109.128/large.jpg,1,0,0
1697103138385,8,Large HTTP Request ,200,OK,Thread Group 1-3,bin,true,,1088235,126,97,97,http://192.168.109.128/large.jpg,2,0,1
1697103139607,4,Small HTTP Request ,200,OK,Thread Group 1-5,bin,true,,10889,127,96,96,http://192.168.109.128/small.jpeg,4,0,2
1697103139600,23,Large HTTP Request ,200,OK,Thread Group 1-4,bin,true,,1088235,126,95,95,http://192.168.109.128/large.jpg,3,0,2
1697103140218,1,Small HTTP Request ,200,OK,Thread Group 1-6,bin,true,,10889,127,94,94,http://192.168.109.128/small.jpeg,1,0,0
1697103140830,3,Small HTTP Request ,200,OK,Thread Group 1-7,bin,true,,10889,127,93,93,http://192.168.109.128/small.jpeg,3,0,2
1697103141438,3,Medium HTTP Request ,200,OK,Thread Group 1-8,bin,true,,441281,127,92,92,http://192.168.109.128/medium.jpg,1,0,0
1697103142046,7,Large HTTP Request ,200,OK,Thread Group 1-9,bin,true,,1088235,126,91,91,http://192.168.109.128/large.jpg,2,0,1
1697103142656,2,Small HTTP Request ,200,OK,Thread Group 1-10,bin,true,,10889,127,90,90,http://192.168.109.128/small.jpeg,2,0,1
1697103143269,2,Small HTTP Request ,200,OK,Thread Group 1-11,bin,true,,10889,127,89,89,http://192.168.109.128/small.jpeg,2,0,1
1697103143876,1,Small HTTP Request ,200,OK,Thread Group 1-12,bin,true,,10889,127,88,88,http://192.168.109.128/small.jpeg,1,0,0
1697103145087,5,Medium HTTP Request ,200,OK,Thread Group 1-13,bin,true,,441281,127,87,87,http://192.168.109.128/medium.jpg,2,0,1
1697103145097,15,Large HTTP Request ,200,OK,Thread Group 1-14,bin,true,,1088235,126,86,86,http://192.168.109.128/large.jpg,2,0,1
1697103146308,9,Medium HTTP Request ,200,OK,Thread Group 1-15,bin,true,,441281,127,85,85,http://192.168.109.128/medium.jpg,3,0,2
1697103146318,1,Small HTTP Request ,200,OK,Thread Group 1-16,bin,true,,10889,127,84,84,http://192.168.109.128/small.jpeg,1,0,0
1697103146928,4,Medium HTTP Request ,200,OK,Thread Group 1-17,bin,true,,441281,127,83,83,http://192.168.109.128/medium.jpg,1,0,1
1697103147538,4,Medium HTTP Request ,200,OK,Thread Group 1-18,bin,true,,441281,127,82,82,http://192.168.109.128/medium.jpg,2,0,1
1697103148149,1,Small HTTP Request ,200,OK,Thread Group 1-19,bin,true,,10889,127,81,81,http://192.168.109.128/small.jpeg,1,0,1
1697103148757,9,Medium HTTP Request ,200,OK,Thread Group 1-20,bin,true,,441281,127,80,80,http://192.168.109.128/medium.jpg,2,0,1
1697103149367,2,Small HTTP Request ,200,OK,Thread Group 1-21,bin,true,,10889,127,79,79,http://192.168.109.128/small.jpeg,2,0,1
1697103149976,5,Medium HTTP Request ,200,OK,Thread Group 1-22,bin,true,,441281,127,78,78,http://192.168.109.128/medium.jpg,2,0,1
1697103150587,4,Medium HTTP Request ,200,OK,Thread Group 1-23,bin,true,,441281,127,77,77,http://192.168.109.128/medium.jpg,1,0,0
1697103151199,4,Medium HTTP Request ,200,OK,Thread Group 1-24,bin,true,,441281,127,76,76,http://192.168.109.128/medium.jpg,1,0,1
1697103151808,8,Large HTTP Request ,200,OK,Thread Group 1-25,bin,true,,1088235,126,75,75,http://192.168.109.128/large.jpg,3,0,2
1697103152417,2,Small HTTP Request ,200,OK,Thread Group 1-26,bin,true,,10889,127,74,74,http://192.168.109.128/small.jpeg,2,0,1
1697103153027,3,Small HTTP Request ,200,OK,Thread Group 1-27,bin,true,,10889,127,73,73,http://192.168.109.128/small.jpeg,3,0,2
1697103153637,4,Medium HTTP Request ,200,OK,Thread Group 1-28,bin,true,,441281,127,72,72,http://192.168.109.128/medium.jpg,1,0,1
1697103154247,8,Large HTTP Request ,200,OK,Thread Group 1-29,bin,true,,1088235,126,71,71,http://192.168.109.128/large.jpg,2,0,1
1697103154857,13,Medium HTTP Request ,200,OK,Thread Group 1-30,bin,true,,441281,127,70,70,http://192.168.109.128/medium.jpg,4,0,2
1697103155468,2,Small HTTP Request ,200,OK,Thread Group 1-31,bin,true,,10889,127,69,69,http://192.168.109.128/small.jpeg,2,0,1
1697103156080,21,Large HTTP Request ,200,OK,Thread Group 1-32,bin,true,,1088235,126,68,68,http://192.168.109.128/large.jpg,2,0,1
1697103156687,6,Medium HTTP Request ,200,OK,Thread Group 1-33,bin,true,,441281,127,67,67,http://192.168.109.128/medium.jpg,3,0,2
1697103157297,6,Medium HTTP Request ,200,OK,Thread Group 1-34,bin,true,,441281,127,66,66,http://192.168.109.128/medium.jpg,3,0,2
1697103157908,4,Small HTTP Request ,200,OK,Thread Group 1-35,bin,true,,10889,127,65,65,http://192.168.109.128/small.jpeg,4,0,2
1697103159117,7,Medium HTTP Request ,200,OK,Thread Group 1-36,bin,true,,441281,127,64,64,http://192.168.109.128/medium.jpg,1,0,1
1697103159127,8,Large HTTP Request ,200,OK,Thread Group 1-37,bin,true,,1088235,126,63,63,http://192.168.109.128/large.jpg,1,0,0
1697103159738,13,Medium HTTP Request ,200,OK,Thread Group 1-38,bin,true,,441281,127,62,62,http://192.168.109.128/medium.jpg,6,0,3
1697103160347,24,Large HTTP Request ,200,OK,Thread Group 1-39,bin,true,,1088235,126,61,61,http://192.168.109.128/large.jpg,4,0,2
1697103160957,3,Small HTTP Request ,200,OK,Thread Group 1-40,bin,true,,10889,127,60,60,http://192.168.109.128/small.jpeg,3,0,2
1697103162167,5,Medium HTTP Request ,200,OK,Thread Group 1-41,bin,true,,441281,127,59,59,http://192.168.109.128/medium.jpg,2,0,1
1697103162178,3,Medium HTTP Request ,200,OK,Thread Group 1-42,bin,true,,441281,127,58,58,http://192.168.109.128/medium.jpg,1,0,0
1697103162786,6,Medium HTTP Request ,200,OK,Thread Group 1-43,bin,true,,441281,127,57,57,http://192.168.109.128/medium.jpg,3,0,1
1697103163398,14,Large HTTP Request ,200,OK,Thread Group 1-44,bin,true,,1088235,126,56,56,http://192.168.109.128/large.jpg,4,0,2
1697103164008,3,Small HTTP Request ,200,OK,Thread Group 1-45,bin,true,,10889,127,55,55,http://192.168.109.128/small.jpeg,3,0,1
1697103164617,4,Medium HTTP Request ,200,OK,Thread Group 1-46,bin,true,,441281,127,54,54,http://192.168.109.128/medium.jpg,2,0,1
1697103165228,2,Small HTTP Request ,200,OK,Thread Group 1-47,bin,true,,10889,127,53,53,http://192.168.109.128/small.jpeg,2,0,1
1697103165837,3,Small HTTP Request ,200,OK,Thread Group 1-48,bin,true,,10889,127,52,52,http://192.168.109.128/small.jpeg,3,0,2
1697103166447,12,Large HTTP Request ,200,OK,Thread Group 1-49,bin,true,,1088235,126,51,51,http://192.168.109.128/large.jpg,2,0,1
1697103167060,7,Medium HTTP Request ,200,OK,Thread Group 1-50,bin,true,,441281,127,50,50,http://192.168.109.128/medium.jpg,2,0,1
1697103167667,2,Small HTTP Request ,200,OK,Thread Group 1-51,bin,true,,10889,127,49,49,http://192.168.109.128/small.jpeg,2,0,1
1697103168278,2,Small HTTP Request ,200,OK,Thread Group 1-52,bin,true,,10889,127,48,48,http://192.168.109.128/small.jpeg,2,0,1
1697103168887,4,Medium HTTP Request ,200,OK,Thread Group 1-53,bin,true,,441281,127,47,47,http://192.168.109.128/medium.jpg,1,0,1
1697103170097,2,Small HTTP Request ,200,OK,Thread Group 1-54,bin,true,,10889,127,46,46,http://192.168.109.128/small.jpeg,2,0,2
1697103170707,8,Large HTTP Request ,200,OK,Thread Group 1-55,bin,true,,1088235,126,45,45,http://192.168.109.128/large.jpg,2,0,1
1697103171316,8,Medium HTTP Request ,200,OK,Thread Group 1-56,bin,true,,441281,127,44,44,http://192.168.109.128/medium.jpg,3,0,1
1697103171327,5,Medium HTTP Request ,200,OK,Thread Group 1-57,bin,true,,441281,127,43,43,http://192.168.109.128/medium.jpg,1,0,1
1697103171937,4,Medium HTTP Request ,200,OK,Thread Group 1-58,bin,true,,441281,127,42,42,http://192.168.109.128/medium.jpg,1,0,1
1697103173145,2,Small HTTP Request ,200,OK,Thread Group 1-59,bin,true,,10889,127,41,41,http://192.168.109.128/small.jpeg,2,0,2
1697103173157,1,Small HTTP Request ,200,OK,Thread Group 1-60,bin,true,,10889,127,40,40,http://192.168.109.128/small.jpeg,1,0,0
1697103174369,2,Small HTTP Request ,200,OK,Thread Group 1-61,bin,true,,10889,127,39,39,http://192.168.109.128/small.jpeg,2,0,1
1697103174979,4,Medium HTTP Request ,200,OK,Thread Group 1-62,bin,true,,441281,127,38,38,http://192.168.109.128/medium.jpg,1,0,1
1697103174987,4,Medium HTTP Request ,200,OK,Thread Group 1-63,bin,true,,441281,127,37,37,http://192.168.109.128/medium.jpg,1,0,0
1697103175599,9,Large HTTP Request ,200,OK,Thread Group 1-64,bin,true,,1088235,126,36,36,http://192.168.109.128/large.jpg,2,0,1
1697103176208,7,Large HTTP Request ,200,OK,Thread Group 1-65,bin,true,,1088235,126,35,35,http://192.168.109.128/large.jpg,1,0,0
1697103177416,3,Medium HTTP Request ,200,OK,Thread Group 1-66,bin,true,,441281,127,34,34,http://192.168.109.128/medium.jpg,1,0,0
1697103177427,4,Medium HTTP Request ,200,OK,Thread Group 1-67,bin,true,,441281,127,33,33,http://192.168.109.128/medium.jpg,1,0,1
1697103178036,4,Medium HTTP Request ,200,OK,Thread Group 1-68,bin,true,,441281,127,32,32,http://192.168.109.128/medium.jpg,1,0,0
1697103179247,4,Medium HTTP Request ,200,OK,Thread Group 1-69,bin,true,,441281,127,31,31,http://192.168.109.128/medium.jpg,2,0,1
1697103179257,1,Small HTTP Request ,200,OK,Thread Group 1-70,bin,true,,10889,127,30,30,http://192.168.109.128/small.jpeg,1,0,1
1697103179866,3,Medium HTTP Request ,200,OK,Thread Group 1-71,bin,true,,441281,127,29,29,http://192.168.109.128/medium.jpg,1,0,0
1697103180477,7,Large HTTP Request ,200,OK,Thread Group 1-72,bin,true,,1088235,126,28,28,http://192.168.109.128/large.jpg,2,0,1
1697103181687,4,Medium HTTP Request ,200,OK,Thread Group 1-73,bin,true,,441281,127,27,27,http://192.168.109.128/medium.jpg,2,0,1
1697103181696,6,Large HTTP Request ,200,OK,Thread Group 1-74,bin,true,,1088235,126,26,26,http://192.168.109.128/large.jpg,1,0,0
1697103182311,2,Small HTTP Request ,200,OK,Thread Group 1-75,bin,true,,10889,127,25,25,http://192.168.109.128/small.jpeg,2,0,1
1697103183517,2,Small HTTP Request ,200,OK,Thread Group 1-76,bin,true,,10889,127,24,24,http://192.168.109.128/small.jpeg,2,0,1
1697103183525,1,Small HTTP Request ,200,OK,Thread Group 1-77,bin,true,,10889,127,23,23,http://192.168.109.128/small.jpeg,1,0,1
1697103184136,5,Medium HTTP Request ,200,OK,Thread Group 1-78,bin,true,,441281,127,22,22,http://192.168.109.128/medium.jpg,2,0,1
1697103184748,1,Small HTTP Request ,200,OK,Thread Group 1-79,bin,true,,10889,127,21,21,http://192.168.109.128/small.jpeg,1,0,1
1697103185359,8,Medium HTTP Request ,200,OK,Thread Group 1-80,bin,true,,441281,127,20,20,http://192.168.109.128/medium.jpg,2,0,1
1697103185965,8,Large HTTP Request ,200,OK,Thread Group 1-81,bin,true,,1088235,126,19,19,http://192.168.109.128/large.jpg,2,0,1
1697103186579,8,Large HTTP Request ,200,OK,Thread Group 1-82,bin,true,,1088235,126,18,18,http://192.168.109.128/large.jpg,1,0,1
1697103187189,8,Large HTTP Request ,200,OK,Thread Group 1-83,bin,true,,1088235,126,17,17,http://192.168.109.128/large.jpg,1,0,1
1697103187797,1,Small HTTP Request ,200,OK,Thread Group 1-84,bin,true,,10889,127,16,16,http://192.168.109.128/small.jpeg,1,0,0
1697103188409,2,Small HTTP Request ,200,OK,Thread Group 1-85,bin,true,,10889,127,15,15,http://192.168.109.128/small.jpeg,2,0,1
1697103189018,5,Medium HTTP Request ,200,OK,Thread Group 1-86,bin,true,,441281,127,14,14,http://192.168.109.128/medium.jpg,1,0,1
1697103189630,1,Small HTTP Request ,200,OK,Thread Group 1-87,bin,true,,10889,127,13,13,http://192.168.109.128/small.jpeg,1,0,0
1697103190837,9,Large HTTP Request ,200,OK,Thread Group 1-88,bin,true,,1088235,126,12,12,http://192.168.109.128/large.jpg,1,0,1
1697103190849,1,Small HTTP Request ,200,OK,Thread Group 1-89,bin,true,,10889,127,11,11,http://192.168.109.128/small.jpeg,1,0,0
1697103191459,1,Small HTTP Request ,200,OK,Thread Group 1-90,bin,true,,10889,127,10,10,http://192.168.109.128/small.jpeg,1,0,0
1697103192071,5,Medium HTTP Request ,200,OK,Thread Group 1-91,bin,true,,441281,127,9,9,http://192.168.109.128/medium.jpg,1,0,1
1697103192677,1,Small HTTP Request ,200,OK,Thread Group 1-92,bin,true,,10889,127,8,8,http://192.168.109.128/small.jpeg,1,0,1
1697103193290,5,Medium HTTP Request ,200,OK,Thread Group 1-93,bin,true,,441281,127,7,7,http://192.168.109.128/medium.jpg,2,0,1
1697103193897,5,Medium HTTP Request ,200,OK,Thread Group 1-94,bin,true,,441281,127,6,6,http://192.168.109.128/medium.jpg,2,0,1
1697103194508,5,Medium HTTP Request ,200,OK,Thread Group 1-95,bin,true,,441281,127,5,5,http://192.168.109.128/medium.jpg,2,0,1
1697103195116,7,Large HTTP Request ,200,OK,Thread Group 1-96,bin,true,,1088235,126,4,4,http://192.168.109.128/large.jpg,1,0,1
1697103195730,4,Medium HTTP Request ,200,OK,Thread Group 1-97,bin,true,,441281,127,3,3,http://192.168.109.128/medium.jpg,2,0,1
1697103195978,1,Small HTTP Request ,200,OK,Thread Group 1-2,bin,true,,10889,127,2,2,http://192.168.109.128/small.jpeg,1,0,1
1697103196336,11,Large HTTP Request ,200,OK,Thread Group 1-98,bin,true,,1088235,126,1,1,http://192.168.109.128/large.jpg,2,0,1
